,Year,Month,film_strtitle,total_amount,total_tickets
0,2015,1,AAMBALA,1502140.0,13110
1,2015,1,AMERICAN SNIPER,199990.0,1728
2,2015,1,BABY,512610.0,4412
3,2015,1,BIRDMAN,47690.0,402
4,2015,1,BLIND DATE,39820.0,356
5,2015,1,CHINNADANA NEE KOSAM,19430.0,172
6,2015,1,DARLING,928330.0,8177
7,2015,1,DHARANI,13930.0,117
8,2015,1,DOLLY KI DOLI,109900.0,947
9,2015,1,FOXCATCHER,25370.0,216
10,2015,1,GOPALA GOPALA,444420.0,3786
11,2015,1,HAWAIZAADA,23540.0,198
12,2015,1,I,4629640.0,40421
13,2015,1,ISAI,147460.0,1326
14,2015,1,KAPPAL,904630.0,7875
15,2015,1,KAYAL,513180.0,4524
16,2015,1,KHAMOSHIYAN SILENCES HAVE SECRETS,25730.0,219
17,2015,1,KILLADI,19780.0,174
18,2015,1,LINGAA,520230.0,4404
19,2015,1,MARIYAM MUKKU,53130.0,462
20,2015,1,MEAGHAMANN,545820.0,4708
21,2015,1,MORTDECAI,60730.0,507
22,2015,1,NAGARA VARITHI NADUVIL NJAAN,30040.0,254
23,2015,1,NIGHT AT THE MUSEUM SECRET OF THE TOMB,411270.0,3518
24,2015,1,ONE,44700.0,378
25,2015,1,PATAS,72620.0,640
26,2015,1,PICKET 43,61850.0,520
27,2015,1,PISSASU,667610.0,5713
28,2015,1,PK,1054830.0,8999
29,2015,1,PONGE EZHU MANOHARA,3240.0,27
30,2015,1,PULAN VISARANAI 2,25220.0,223
31,2015,1,SEVENTH SON,25880.0,223
32,2015,1,SHARAFAT GAYI TEL LENE,56820.0,479
33,2015,1,TAKEN 3,709320.0,6022
34,2015,1,TEVAR,445560.0,3812
35,2015,1,THE HOBBIT: THE BATTLE OF THE FIVE ARMIES,326020.0,2726
36,2015,1,THE IMITATION GAME,202790.0,1711
37,2015,1,THE THEORY OF EVERYTHING,199870.0,1672
38,2015,1,THE WOMAN IN BLACK 2 ANGEL OF DEATH,309580.0,2633
39,2015,1,THOTTAL THODARUM,62850.0,543
40,2015,1,TOURING TALKIES,13860.0,121
41,2015,1,UNBROKEN,83750.0,730
42,2015,1,VELLAKKKARA DURAI,402590.0,3486
43,2015,2,AADU,32260.0,278
44,2015,2,AAMBALA,134790.0,1159
45,2015,2,AB TAK CHHAPPAN 2,51740.0,444
46,2015,2,AMERICAN SNIPER,373130.0,3158
47,2015,2,ANEGAN,2036200.0,17984
48,2015,2,BABY,591270.0,5007
49,2015,2,BADLAPUR,346810.0,2990
50,2015,2,BIRDMAN,437870.0,3714
51,2015,2,BLIND DATE,20250.0,188
52,2015,2,DARLING,410470.0,3537
53,2015,2,DHARANI,3650.0,35
54,2015,2,DOLLY KI DOLI,41530.0,358
55,2015,2,DUM LAGA KE HAISHA,56610.0,480
56,2015,2,ETTU THIKKUM MATHAYAANAI,18010.0,151
57,2015,2,FIREMAN,60380.0,527
58,2015,2,FOXCATCHER,46620.0,394
59,2015,2,GOPALA GOPALA,33640.0,284
60,2015,2,HARAM,42260.0,354
61,2015,2,HAWAIZAADA,25530.0,221
62,2015,2,HEY BRO,1320.0,11
63,2015,2,I,1095290.0,9319
64,2015,2,ISAI,497510.0,4343
65,2015,2,JUPITER ASCENDING,436360.0,3695
66,2015,2,KAAKI SATTAI,329970.0,2989
67,2015,2,KHAMOSHIYAN SILENCES HAVE SECRETS,35420.0,308
68,2015,2,KILLADI,23570.0,212
69,2015,2,KINGSMAN THE SECRET SERVICE,61580.0,537
70,2015,2,LOVE ROSIE,158150.0,1339
71,2015,2,MSG THE MESSENGER,28890.0,249
72,2015,2,MYTHRI,2770.0,24
73,2015,2,PK,330460.0,2796
74,2015,2,PONGE EZHU MANOHARA,117520.0,1005
75,2015,2,PULAN VISARANAI 2,28680.0,261
76,2015,2,QISSA,14290.0,120
77,2015,2,ROY,355550.0,3050
78,2015,2,SANDAMARUDHAM,142920.0,1301
79,2015,2,SEVENTH SON,45770.0,386
80,2015,2,SHAMITABH,1376790.0,11762
81,2015,2,TAKEN 3,302320.0,2556
82,2015,2,TEMPER,327400.0,2886
83,2015,2,THAMIZHUKKU ENN ONDRAI AZHUTHAVUM,341790.0,3027
84,2015,2,THE IMITATION GAME,147020.0,1238
85,2015,2,THE THEORY OF EVERYTHING,40650.0,347
86,2015,2,TOURING TALKIES,37620.0,330
87,2015,2,VAJRAM,23880.0,210
88,2015,2,WHIPLASH,95660.0,810
89,2015,2,WILD,71520.0,607
90,2015,2,YENNAI ARINDHAAL,3156970.0,27564
91,2015,3,100 DAYS OF LOVE,276000.0,2377
92,2015,3,AAYA VADA SUTTA KATHAI,34900.0,311
93,2015,3,AB TAK CHHAPPAN 2,73530.0,643
94,2015,3,AIVARATTAM,61850.0,520
95,2015,3,AMERICAN SNIPER,132920.0,1117
96,2015,3,ANEGAN,870370.0,7397
97,2015,3,BABY,208080.0,1745
98,2015,3,BADLAPUR,240310.0,2031
99,2015,3,BADMASHIYAAN,47310.0,397
100,2015,3,BENCH TALKIES,131520.0,1118
101,2015,3,BIRDMAN,187380.0,1578
102,2015,3,BLACK AND WHITE THE DAWN OF JUSTICE,34240.0,289
103,2015,3,BLIND DATE,36380.0,327
104,2015,3,CHAPPIE,329030.0,2785
105,2015,3,CHARLES SHAFFIQ KARTHIGA,25100.0,211
106,2015,3,CINDERELLA,549860.0,4639
107,2015,3,DIRTY POLITICS,76420.0,679
108,2015,3,DRAGON BLADE,110550.0,935
109,2015,3,DUM LAGA KE HAISHA,545400.0,4600
110,2015,3,EN VAZHI THANIE VAZHI,80510.0,681
111,2015,3,ENAKKUL ORUVAN,1346610.0,11571
112,2015,3,ENNUM EPPOZHUM,60560.0,523
113,2015,3,ETTU THIKKUM MATHAYAANAI,12260.0,104
114,2015,3,FOCUS,538360.0,4556
115,2015,3,HEY BRO,46100.0,397
116,2015,3,I,320410.0,2711
117,2015,3,INSURGENT,155560.0,1311
118,2015,3,IVANUKU THANILA GANDAM,242750.0,2143
119,2015,3,JIL,89750.0,791
120,2015,3,KAAKI SATTAI,1929160.0,16664
121,2015,3,KADAVUL PAATHI MIRUGAM PAATHI,73770.0,645
122,2015,3,KALLAPPADAM,69540.0,596
123,2015,3,KATHAM KATHAM,217430.0,1932
124,2015,3,KINGSMAN THE SECRET SERVICE,942840.0,7956
125,2015,3,MAHABALIPURAM,259090.0,2281
126,2015,3,MANADHIL ORU MAATRAM,14890.0,125
127,2015,3,NADHIKAL NANAIVADHILLAI,10660.0,98
128,2015,3,NH 10,485360.0,4132
129,2015,3,ORU VADAKKAN SELFIE,65000.0,582
130,2015,3,PATRA,16350.0,139
131,2015,3,QISSA,25290.0,219
132,2015,3,RAJATHANDHIRAM,748960.0,6487
133,2015,3,REY,26310.0,244
134,2015,3,ROMBA NALLAVANDA NEE,15120.0,126
135,2015,3,RUN ALL NIGHT,129330.0,1108
136,2015,3,SANDAMARUDHAM,139880.0,1195
137,2015,3,SARITHIRAM PESU,23980.0,220
138,2015,3,SERNDHU POLAMA,34400.0,294
139,2015,3,SHAMITABH,106070.0,894
140,2015,3,SURYA VS SURYA,69120.0,598
141,2015,3,THAMIZHUKKU ENN ONDRAI AZHUTHAVUM,922340.0,7908
142,2015,3,THE LAZARUS EFFECT,3120.0,26
143,2015,3,THE SECOND BEST EXOTIC MARIGOLD HOTEL,81370.0,690
144,2015,3,THILAGAR,36450.0,334
145,2015,3,THOPPI,43560.0,385
146,2015,3,TUNGABHADRA,17080.0,146
147,2015,3,VAANAVIL VAAZHKAI,64850.0,556
148,2015,3,VAJRAM,24580.0,225
149,2015,3,VALIYAVAN,578430.0,5164
150,2015,3,VETHU VETTU,43360.0,376
151,2015,3,WILD CARD,148840.0,1277
152,2015,3,YENNAI ARINDHAAL,350930.0,2940
153,2015,3,YEVADE SUBRAMANYAM,130250.0,1112
154,2015,4,100 DAYS OF LOVE,272700.0,2300
155,2015,4,ANEGAN,12960.0,108
156,2015,4,AVENGERS AGE OF ULTRON,1247570.0,10599
157,2015,4,BHASKAR THE RASCAL,183040.0,1562
158,2015,4,BLIND DATE,30480.0,265
159,2015,4,BROKEN HORSES,80410.0,682
160,2015,4,CHAPPIE,7700.0,66
161,2015,4,CHENNAI UNGALAI ANBUDAN VARAVERKIRATHU,33350.0,288
162,2015,4,CINDERELLA,444810.0,3737
163,2015,4,DETECTIVE BYOMKESH BAKSHY,399220.0,3369
164,2015,4,DHARAM SANKAT MEIN,151750.0,1304
165,2015,4,DOHCHAY,143380.0,1226
166,2015,4,DRAGON BLADE,22090.0,185
167,2015,4,DUM LAGA KE HAISHA,215450.0,1814
168,2015,4,EK PAHELI LEELA,166110.0,1486
169,2015,4,ENAKKUL ORUVAN,10930.0,92
170,2015,4,ENNUM EPPOZHUM,100220.0,848
171,2015,4,FAST AND FURIOUS 7,3228860.0,27481
172,2015,4,FOCUS,22960.0,195
173,2015,4,HOME,372430.0,3132
174,2015,4,I,7570.0,64
175,2015,4,INSURGENT,12850.0,108
176,2015,4,IT FOLLOWS,248960.0,2137
177,2015,4,JIL,9250.0,78
178,2015,4,KAAGAZ KE FOOLS,36130.0,313
179,2015,4,KAAKI SATTAI,23760.0,198
180,2015,4,KANCHANA 2,1234550.0,11189
181,2015,4,KINGSMAN THE SECRET SERVICE,26400.0,220
182,2015,4,KOMBAN,2817150.0,24535
183,2015,4,MARGARITA WITH A STRAW,212940.0,1814
184,2015,4,Mr X,183170.0,1564
185,2015,4,NANNBENDA,1313490.0,11497
186,2015,4,NH 10,178680.0,1500
187,2015,4,O KADHAL KANMANI,1794040.0,15504
188,2015,4,ORU VADAKKAN SELFIE,331220.0,2784
189,2015,4,RAJATHANDHIRAM,326230.0,2736
190,2015,4,RANAVIKRAMA,20980.0,184
191,2015,4,REY,2700.0,28
192,2015,4,RUN ALL NIGHT,111560.0,937
193,2015,4,S O SATYA MURTHY,601330.0,5199
194,2015,4,SAGAPTHAM,75370.0,673
195,2015,4,THAMIZHUKKU ENN ONDRAI AZHUTHAVUM,11910.0,102
196,2015,4,THUNAI MUDHALVAR,58050.0,514
197,2015,4,VALIYAVAN,218330.0,1868
198,2015,4,YEVADE SUBRAMANYAM,10690.0,90
199,2015,4,YOOGAN,83310.0,730
200,2015,5,36 VAYADHINILE,1265990.0,10934
201,2015,5,AVENGERS AGE OF ULTRON,2001760.0,16806
202,2015,5,BIG GAME,110190.0,932
203,2015,5,BLIND DATE,43090.0,382
204,2015,5,BOMBAY VELVET,538110.0,4520
205,2015,5,DEMONTE COLONY,713540.0,6344
206,2015,5,FAST AND FURIOUS 7,164430.0,1373
207,2015,5,GABBAR IS BACK,902790.0,7680
208,2015,5,HOME,83220.0,699
209,2015,5,INDIA PAKISTAN,892420.0,7875
210,2015,5,KAMARA KATTU,77760.0,681
211,2015,5,KANCHANA 2,1384820.0,11982
212,2015,5,KOMBAN,67880.0,573
213,2015,5,KUCH KUCH LOCHA HAI,77160.0,665
214,2015,5,LALILAA O LAILAA,96350.0,813
215,2015,5,MAD MAX FURY ROAD,925750.0,7776
216,2015,5,MARGARITA WITH A STRAW,273350.0,2299
217,2015,5,MASSU ENGIRA MASILAMANI,665880.0,5901
218,2015,5,NANNBENDA,83820.0,704
219,2015,5,NBK LION,183390.0,1575
220,2015,5,O KADHAL KANMANI,1305190.0,11005
221,2015,5,ORU SECOND CLASS YATHRA,39890.0,348
222,2015,5,PIKU,1325110.0,11126
223,2015,5,POLTERGEIST,240840.0,2051
224,2015,5,PURAMPOKKU ENGIRA PODHUVUDAMAI,1096540.0,9568
225,2015,5,RAJATHANDHIRAM,18850.0,158
226,2015,5,RASIGARGAL NARPANI MANDRAM,77620.0,678
227,2015,5,SABKI BAJEGI BAND,10870.0,97
228,2015,5,SAN ANDREAS,133850.0,1142
229,2015,5,SOAN PAPDI,34780.0,299
230,2015,5,TANU WEDS MANU RETURNS,294240.0,2551
231,2015,5,THE SPONGEBOB MOVIE SPONGE OUT OF WATER,358570.0,3000
232,2015,5,THIRANTHIDU SEESE,17710.0,154
233,2015,5,TOMORROWLAND,264790.0,2246
234,2015,5,UTTAMA VILLAIN,2631040.0,22435
235,2015,5,VAI RAJA VAI,1143000.0,9965
236,2015,5,VINDHAI,67680.0,575
237,2015,5,WELCOME 2 KARACHI,38740.0,332
238,2015,5,YOOGAN,83240.0,701
239,2015,6,36 VAYADHINILE,869940.0,7354
240,2015,6,ABCD 2,858600.0,7309
241,2015,6,ACHAARAM,24660.0,211
242,2015,6,APPAVUM VEENJUM,12740.0,108
243,2015,6,AVENGERS AGE OF ULTRON,378510.0,3168
244,2015,6,BLACK AND WHITE,0.0,175
245,2015,6,BLIND DATE,24830.0,228
246,2015,6,BRAN NUE DAE,0.0,157
247,2015,6,DEMONIC,59540.0,531
248,2015,6,DEMONTE COLONY,1410520.0,12099
249,2015,6,DIL DHADAKNE DO,790730.0,6715
250,2015,6,DIRTY DEEDS,0.0,89
251,2015,6,ELI,351230.0,3135
252,2015,6,ENTOURAGE,200570.0,1709
253,2015,6,HAMARI ADHURI KAHANI,256400.0,2199
254,2015,6,INDIA PAKISTAN,139800.0,1209
255,2015,6,INDRU NETRU NAALAI,254250.0,2292
256,2015,6,INNIMEY IPPADITHAN,1055780.0,9350
257,2015,6,INSIDE OUT,152510.0,1281
258,2015,6,INSIDIOUS CHAPTER 3,197750.0,1735
259,2015,6,JURASSIC WORLD,1258790.0,10810
260,2015,6,JYOTHILAKSHMI,16530.0,146
261,2015,6,KAAVAL,48190.0,430
262,2015,6,KAKKA MUTTAI,1344930.0,11695
263,2015,6,KRISHNAMMA KALIPINDI EIDDARINI,23900.0,201
264,2015,6,LODUKKU PANDI,12500.0,106
265,2015,6,MAD MAX,0.0,267
266,2015,6,MAD MAX FURY ROAD,550160.0,4627
267,2015,6,MASSU ENGIRA MASILAMANI,1645060.0,14246
268,2015,6,MISS TANAKPUR HAAZIR HO,38280.0,341
269,2015,6,MOONE MOONU VARTHAI,43720.0,379
270,2015,6,MY BRILLIANT CAREER,0.0,99
271,2015,6,O KADHAL KANMANI,116900.0,987
272,2015,6,PAPERBACK HERO,0.0,148
273,2015,6,PIKU,349630.0,2931
274,2015,6,POLTERGEIST,47280.0,394
275,2015,6,PREMAM,540590.0,4636
276,2015,6,PURAMPOKKU ENGIRA PODHUVUDAMAI,38600.0,329
277,2015,6,PURIYAATHA AANANDHAM PUDHITHAGA AARAMBAM,51880.0,458
278,2015,6,RED DOG,0.0,390
279,2015,6,ROMEO JULIET,1359800.0,12011
280,2015,6,SAN ANDREAS,636380.0,5415
281,2015,6,SOAN PAPDI,40000.0,348
282,2015,6,SPY,170920.0,1450
283,2015,6,SWERVE,0.0,149
284,2015,6,TANU WEDS MANU RETURNS,652690.0,5528
285,2015,6,THANK GOD HE MET LIZZIE,0.0,82
286,2015,6,THE AGE OF ADALINE,70890.0,621
287,2015,6,THE BANK,0.0,368
288,2015,6,THE SAPPHIRES,0.0,269
289,2015,6,THE SPONGEBOB MOVIE SPONGE OUT OF WATER,118920.0,991
290,2015,6,TIGER,41200.0,358
291,2015,6,TOMORROWLAND,251430.0,2109
292,2015,6,VAI RAJA VAI,60630.0,530
293,2015,6,WELCOME 2 KARACHI,99520.0,866
294,2015,6,YAAGAVARAYINUM NAA KAAKKA,151350.0,1352
295,2015,7,36 VAYADHINILE,97970.0,821
296,2015,7,AAVIKUMAR,22560.0,188
297,2015,7,ABCD 2,325320.0,2733
298,2015,7,ACHA DHIN,29800.0,252
299,2015,7,ANT MAN,111720.0,931
300,2015,7,AVENGERS AGE OF ULTRON,25700.0,216
301,2015,7,BAAHUBALI TAMIL,1598940.0,14221
302,2015,7,BAAHUBALI TELUGU,1070470.0,9070
303,2015,7,BABY,25550.0,223
304,2015,7,BAJRANGI BHAIJAAN,1171050.0,10064
305,2015,7,BLIND DATE,40360.0,351
306,2015,7,DEMONIC,187450.0,1585
307,2015,7,DEMONTE COLONY,147220.0,1236
308,2015,7,DIL DHADAKNE DO,297270.0,2491
309,2015,7,ELI,8440.0,74
310,2015,7,ENTOURAGE,9850.0,83
311,2015,7,GUDDU RANGEELA,70130.0,633
312,2015,7,GURU SUKRAN,720.0,6
313,2015,7,INDRU NETRU NAALAI,674580.0,5891
314,2015,7,INNIMEY IPPADITHAN,22090.0,196
315,2015,7,INSIDE OUT,679370.0,5688
316,2015,7,INSIDIOUS CHAPTER 3,465110.0,3951
317,2015,7,JAMES BOND,5160.0,43
318,2015,7,JURASSIC WORLD,783060.0,6586
319,2015,7,KAAVAL,14160.0,118
320,2015,7,KAKKA MUTTAI,513840.0,4370
321,2015,7,KL 10 PATHU,3960.0,33
322,2015,7,LOVE 24 X 7,12360.0,103
323,2015,7,MAARI,1009890.0,9018
324,2015,7,MAD MAX FURY ROAD,25850.0,220
325,2015,7,MASAAN,25680.0,214
326,2015,7,MINIONS,95520.0,796
327,2015,7,MISS PANNEDATHEENGA APPURAM VARUTHAPADUVEENGA,14400.0,120
328,2015,7,MISS TANAKPUR HAAZIR HO,4520.0,45
329,2015,7,MOONE MOONU VARTHAI,360.0,3
330,2015,7,NAALU POLISUM NALLAIRUNTHA OORUM,63960.0,533
331,2015,7,ORU THOZHAN ORU THOZHI,7800.0,65
332,2015,7,PALAKKATTU MADHAVAN IVAN TAMILAN,215970.0,1864
333,2015,7,PAPANASAM,2513720.0,21835
334,2015,7,PIKU,14400.0,120
335,2015,7,PITCH PERFECT 2,44730.0,381
336,2015,7,PREMAM,346480.0,2957
337,2015,7,ROMEO JULIET,283890.0,2407
338,2015,7,SPY,192770.0,1622
339,2015,7,TANU WEDS MANU RETURNS,292310.0,2457
340,2015,7,TERMINATOR GENISYS,886820.0,7513
341,2015,7,THE CON ARTISTS,840.0,7
342,2015,7,TIGER,9030.0,78
343,2015,7,YAAGAVARAYINUM NAA KAAKKA,287230.0,2488
344,2015,9,BAAHUBALI TAMIL,13010.0,113
345,2015,9,BHAAG JOHNNY,10870.0,97
346,2015,9,BHALE BHALE MAGADIVOI,11910.0,102
347,2015,9,BLACK MASS,11910.0,102
348,2015,9,CALENDAR GIRLS,11910.0,102
349,2015,9,EVEREST,33260.0,279
350,2015,9,KATTI BATTI,22480.0,191
351,2015,9,KIRUMI,11710.0,104
352,2015,9,KIS KISKO PYAAR KAROON,11980.0,109
353,2015,9,KOHINOOR,4690.0,40
354,2015,9,KUTTRAM KADITHAL,23610.0,205
355,2015,9,LIFE OF JOSOOTTY,7920.0,66
356,2015,9,MAYA,79070.0,691
357,2015,9,MAZE RUNNER THE SCORCH TRIALS,25220.0,212
358,2015,9,MINIONS,12960.0,108
359,2015,9,PREMAM,24900.0,213
360,2015,9,SUBRAMANYAM FOR SALE,10250.0,90
361,2015,9,THANI ORUVAN,23770.0,210
362,2015,9,THE INTERN,23660.0,199
363,2015,9,TRISHA ILLANA NAYANTHARA,61090.0,532
364,2015,9,UNAKKENNA VENUM SOLLU,11940.0,105
365,2015,10,10 ENDRADHUKKULLA,1136020.0,9850
366,2015,10,ADHAYAN,8640.0,72
367,2015,10,AMAR AKBAR ANTHONY,211860.0,1815
368,2015,10,ANDHADHI,70290.0,605
369,2015,10,BAAHUBALI TAMIL,256750.0,2201
370,2015,10,BLACK MASS,78540.0,660
371,2015,10,BLIND DATE,44640.0,383
372,2015,10,BRIDGE OF SPIES,281700.0,2375
373,2015,10,BRUCE LEE THE FIGHTER,192720.0,1683
374,2015,10,BURNT,23420.0,197
375,2015,10,CALENDAR GIRLS,11830.0,105
376,2015,10,CRIMSON PEAK,260270.0,2201
377,2015,10,ENNU NINTE MOIDEEN,411660.0,3480
378,2015,10,EVEREST,422610.0,3552
379,2015,10,GOOSEBUMPS,114000.0,961
380,2015,10,GUDDU KI GUN,22240.0,200
381,2015,10,JAZBAA,355700.0,3043
382,2015,10,KANAL,39650.0,335
383,2015,10,KANCHE,120390.0,1028
384,2015,10,KATHUKKUTTY,201340.0,1742
385,2015,10,KATTI BATTI,78480.0,665
386,2015,10,KIRUMI,94960.0,817
387,2015,10,KIS KISKO PYAAR KAROON,168740.0,1430
388,2015,10,KUTTRAM KADITHAL,258620.0,2223
389,2015,10,LORD LIVINGSTONE 7000 KANDI,47720.0,405
390,2015,10,LOVE EXCHANGE,4080.0,34
391,2015,10,MAIEM,59570.0,512
392,2015,10,MAIN AUR CHARLES,9160.0,80
393,2015,10,MARAPACHI,20320.0,173
394,2015,10,MASALA PADAM,248730.0,2202
395,2015,10,MAYA,1278290.0,10910
396,2015,10,MAZE RUNNER THE SCORCH TRIALS,105280.0,892
397,2015,10,MINIONS,192800.0,1625
398,2015,10,MSG 2 THE MESSENGER,17530.0,147
399,2015,10,NAANUM ROWDYDHAAN,1548900.0,13551
400,2015,10,OM SHANTHI OM,23630.0,207
401,2015,10,ONCE UPON A TIME IN BIHAR,11790.0,101
402,2015,10,PALLIKKOODAM POGAAMALAE,10720.0,93
403,2015,10,PAN,365840.0,3078
404,2015,10,PARANORMAL ACTIVITY THE GHOST DIMENSION,64040.0,541
405,2015,10,PATHEMARI,85610.0,740
406,2015,10,PREMAM,383760.0,3231
407,2015,10,PULI,2022430.0,17806
408,2015,10,PYAAR KA PUNCHNAMA 2,498740.0,4246
409,2015,10,RAAJU GARI GADHI,23320.0,198
410,2015,10,RANI PADMINI,23770.0,199
411,2015,10,ROCK THE KASBAH,41130.0,351
412,2015,10,RUDHRAMADEVI TAMIL,176660.0,1485
413,2015,10,RUDHRAMADEVI TELUGU,141900.0,1243
414,2015,10,SAN ANDREAS QUAKE,17410.0,146
415,2015,10,SATHURAN,16970.0,146
416,2015,10,SHAANDAAR,406010.0,3443
417,2015,10,SHIVAM,67140.0,587
418,2015,10,SICARIO,293570.0,2495
419,2015,10,SINGH IS BLIING,347670.0,3010
420,2015,10,SIVAPPU,25980.0,222
421,2015,10,TALVAR,778360.0,6589
422,2015,10,THANI ORUVAN,1121130.0,9472
423,2015,10,THE INTERN,366110.0,3083
424,2015,10,THE MARTIAN,1000630.0,8434
425,2015,10,THE WALK,811670.0,6818
426,2015,10,TITLI,21430.0,185
427,2015,10,TRISHA ILLANA NAYANTHARA,176780.0,1508
428,2015,10,VIRAIVIL ISAI,5160.0,43
429,2015,10,WEDDING PULLAV,30960.0,269
430,2015,11,10 ENDRADHUKKULLA,150460.0,1296
431,2015,11,144,108130.0,957
432,2015,11,ADHAYAN,8640.0,72
433,2015,11,AKHIL,156650.0,1343
434,2015,11,AMAR AKBAR ANTHONY,278040.0,2350
435,2015,11,ANARKALI,113400.0,967
436,2015,11,BAAHUBALI TAMIL,42170.0,356
437,2015,11,BLIND DATE,19600.0,167
438,2015,11,BRIDGE OF SPIES,177750.0,1506
439,2015,11,BURNT,254470.0,2149
440,2015,11,CREED,112660.0,959
441,2015,11,CRIMSON PEAK,45180.0,393
442,2015,11,ENNU NINTE MOIDEEN,112760.0,958
443,2015,11,EVEREST,105040.0,879
444,2015,11,GOOSEBUMPS,441860.0,3717
445,2015,11,GUDDU KI GUN,25520.0,231
446,2015,11,HE NAMED ME MALALA,16950.0,144
447,2015,11,HOTEL TRANSYLVANIA 2,432870.0,3632
448,2015,11,INIYA ULAVAGA,12360.0,103
449,2015,11,INJI IDUPAZHAGI,217950.0,1918
450,2015,11,KUMARI 21F,157830.0,1340
451,2015,11,LOVE EXCHANGE,11610.0,105
452,2015,11,MAIN AUR CHARLES,121410.0,1064
453,2015,11,MAYA,102450.0,873
454,2015,11,NAANUM ROWDYDHAAN,1731090.0,14665
455,2015,11,OM SHANTHI OM,30950.0,279
456,2015,11,ONCE UPON A TIME IN BIHAR,2770.0,24
457,2015,11,ORU NAAL IRAVIL,208350.0,1805
458,2015,11,PALLIKKOODAM POGAAMALAE,9730.0,82
459,2015,11,PARANORMAL ACTIVITY THE GHOST DIMENSION,80690.0,677
460,2015,11,PREM RATAN DHAN PAYO,920510.0,7890
461,2015,11,PREMAM,436440.0,3681
462,2015,11,PYAAR KA PUNCHNAMA 2,115750.0,971
463,2015,11,RAAJU GARI GADHI,82170.0,704
464,2015,11,RAJAMMA AT YAHOO,29700.0,253
465,2015,11,RANI PADMINI,39410.0,333
466,2015,11,SAN ANDREAS QUAKE,32200.0,272
467,2015,11,SECRET IN THEIR EYES,76770.0,648
468,2015,11,SHAANDAAR,192410.0,1641
469,2015,11,SICARIO,51600.0,441
470,2015,11,SPECTRE,1292240.0,11062
471,2015,11,SU SU SUDHI VATHMEEKAM,14530.0,122
472,2015,11,TALVAR,119640.0,1008
473,2015,11,TAMASHA,399750.0,3400
474,2015,11,THANI ORUVAN,400050.0,3364
475,2015,11,THANU NENU,15500.0,131
476,2015,11,THE HUNGER GAMES MOCKINGJAY PART 2,218060.0,1830
477,2015,11,THE MARTIAN,278880.0,2335
478,2015,11,THE WALK,331580.0,2776
479,2015,11,THOONGAAVANAM,2832820.0,24155
480,2015,11,TITLI,79010.0,685
481,2015,11,UPPU KARUVADU,92360.0,810
482,2015,11,VALEBA RAJA,14400.0,120
483,2015,11,VEDALAM,3189800.0,27920
484,2015,11,VIRAIVIL ISAI,5770.0,49
485,2015,11,WRECKER,32950.0,281
486,2015,11,X PAST IS PRESENT,74290.0,642
487,2015,12,144,294130.0,2540
488,2015,12,ANGRY INDIAN GODDESSES,246290.0,2080
489,2015,12,BAJIRAO MASTANI,1186240.0,10055
490,2015,12,BENGAL TIGER,135210.0,1196
491,2015,12,BHALE MANCHI ROJU,73160.0,639
492,2015,12,BHOOLOHAM,710420.0,6329
493,2015,12,BLIND DATE,29410.0,246
494,2015,12,CHARLIE,119000.0,1032
495,2015,12,CREED,435470.0,3672
496,2015,12,DILWALE,1328610.0,11421
497,2015,12,EETTI,757780.0,6643
498,2015,12,HATE STORY 3,329520.0,2834
499,2015,12,HOTEL TRANSYLVANIA 2,207520.0,1733
500,2015,12,IN THE HEART OF THE SEA,699900.0,5871
501,2015,12,INJI IDUPAZHAGI,579020.0,4970
502,2015,12,KUMARI 21F,23650.0,198
503,2015,12,LEGEND,1680.0,14
504,2015,12,LOFAR,80270.0,701
505,2015,12,MAMA MANCHU ALLUDU KANCHU,48220.0,411
506,2015,12,NAANUM ROWDYDHAAN,200780.0,1697
507,2015,12,ORU NAAL IRAVIL,74280.0,641
508,2015,12,PASANGA 2,393350.0,3486
509,2015,12,PREM RATAN DHAN PAYO,120460.0,1013
510,2015,12,PREMAM,332280.0,2835
511,2015,12,SANKARA BHARANAM,29360.0,263
512,2015,12,SNOOPY AND CHARLIE BROWN THE PEANUTS MOVIE,189480.0,1579
513,2015,12,SOWKHYAM,72260.0,644
514,2015,12,SPECTRE,559120.0,4696
515,2015,12,STAR WARS THE FORCE AWAKENS,714740.0,6002
516,2015,12,TAMASHA,920150.0,7725
517,2015,12,THANGAMAGAN,2017270.0,17323
518,2015,12,THANI ORUVAN,12490.0,105
519,2015,12,THE GOOD DINOSAUR,892700.0,7485
520,2015,12,THE HUNGER GAMES MOCKINGJAY PART 2,50370.0,428
521,2015,12,THIRUTTU RAIL,38500.0,341
522,2015,12,THOONGAAVANAM,247040.0,2077
523,2015,12,UPPU KARUVADU,352690.0,3039
524,2015,12,URUMEEN,535200.0,4658
525,2015,12,VEDALAM,381100.0,3229
526,2015,12,VELLAIYA IRUKIRAVAN POI SOLLA MAATTAN,98240.0,848
527,2016,1,2 COUNTRIES,172870.0,1458
528,2016,1,2 PENKUTTIKAL,14900.0,126
529,2016,1,ADI KAPPYARE KOOTTAMANI,83640.0,708
530,2016,1,AIRLIFT,768540.0,6542
531,2016,1,ALVIN AND THE CHIPMUNKS THE ROAD CHIP,146630.0,1232
532,2016,1,ARANMANAI 2,306050.0,2776
533,2016,1,ASTERIX THE MANSION OF THE GODS,57610.0,481
534,2016,1,AZHAGU KUTTI CHELLAM,62100.0,534
535,2016,1,BAJIRAO MASTANI,823570.0,6930
536,2016,1,BHALE MANCHI ROJU,55750.0,482
537,2016,1,BHOOLOHAM,757410.0,6562
538,2016,1,BLIND DATE,15970.0,134
539,2016,1,CHALK N DUSTER,76260.0,652
540,2016,1,CHARLIE,451890.0,3818
541,2016,1,CHAURANGA,16180.0,144
542,2016,1,CHHOTA BHEEM HIMALAYAN ADVENTURE,119190.0,1007
543,2016,1,CREED,143230.0,1211
544,2016,1,DADDYS HOME,111560.0,948
545,2016,1,DICTATOR,73720.0,629
546,2016,1,DILWALE,343740.0,2892
547,2016,1,EETTI,230720.0,1952
548,2016,1,EXPRESS RAJA,147940.0,1275
549,2016,1,GETHU,750240.0,6538
550,2016,1,IN THE HEART OF THE SEA,142470.0,1190
551,2016,1,IRUDHI SUTTRU,370860.0,3272
552,2016,1,JOY,123580.0,1050
553,2016,1,JUGNI,5040.0,42
554,2016,1,KARAIYORUM,34590.0,302
555,2016,1,KATHAKALI,1080510.0,9337
556,2016,1,KYA KOOL HAIN HUM 3,212790.0,1864
557,2016,1,LACHHIMDEVIKI OH LEKKUNDHI,23690.0,202
558,2016,1,MAALAI NERATHU MAYAKKAM,323710.0,2770
559,2016,1,MASTIZAADE,65650.0,581
560,2016,1,MOONDRAAM ULLAGA POR,20860.0,183
561,2016,1,NAANNAKU PREMATHO,257590.0,2208
562,2016,1,NANAIYATHA MAZHAIYE,21270.0,180
563,2016,1,NENU SHAILAJA,220670.0,1882
564,2016,1,OUR BRAND IS CRISIS,67470.0,576
565,2016,1,PAAVADA,104880.0,896
566,2016,1,PASANGA 2,776560.0,6563
567,2016,1,PEIGAL JAAKKIRATHAI,256740.0,2233
568,2016,1,POINT BREAK,390860.0,3292
569,2016,1,PREMAM,426310.0,3625
570,2016,1,RAJINI MURUGAN,1310540.0,11517
571,2016,1,SAALA KHADOOS,59310.0,508
572,2016,1,SEETHAMMA ANDAALU RAMAIYYA SITHRALU,25590.0,216
573,2016,1,SOGGADE CHINNI NAYANA,390480.0,3309
574,2016,1,STAR WARS THE FORCE AWAKENS,306970.0,2581
575,2016,1,THAARAI THAPPATTAI,1002680.0,8748
576,2016,1,THANGAMAGAN,290420.0,2444
577,2016,1,THARKAPPU,58720.0,515
578,2016,1,THE 33,123950.0,1043
579,2016,1,THE 5TH WAVE,272730.0,2325
580,2016,1,THE DANISH GIRL,176650.0,1517
581,2016,1,THE GOOD DINOSAUR,223360.0,1876
582,2016,1,THE HATEFUL EIGHT,237820.0,2013
583,2016,1,VALEBA RAJA,45360.0,378
584,2016,1,VELLAIYA IRUKIRAVAN POI SOLLA MAATTAN,110330.0,935
585,2016,1,WAZIR,755350.0,6400
586,2016,2,2 COUNTRIES,30530.0,259
587,2016,2,AARATHU SINAM,351560.0,3102
588,2016,2,ACTION HERO BIJU,383130.0,3256
589,2016,2,AIRLIFT,609150.0,5145
590,2016,2,ALIGARH,39810.0,340
591,2016,2,ANJALA,96270.0,838
592,2016,2,ARANMANAI 2,978390.0,8464
593,2016,2,ASTERIX THE MANSION OF THE GODS,148470.0,1240
594,2016,2,BAJIRAO MASTANI,305100.0,2570
595,2016,2,BANGALORE NAATKAL,834050.0,7175
596,2016,2,BLIND DATE,30050.0,255
597,2016,2,BOLLIWOOD DIARIES,27590.0,240
598,2016,2,CAROL,44620.0,381
599,2016,2,DEADPOOL,1154450.0,9768
600,2016,2,EXPRESS RAJA,20750.0,183
601,2016,2,FITOOR,232150.0,1963
602,2016,2,GETHU,121440.0,1045
603,2016,2,GHAYAL ONCE AGAIN,167560.0,1466
604,2016,2,GODS OF EGYPT,179960.0,1529
605,2016,2,HOW TO BE SINGLE,143960.0,1207
606,2016,2,IRUDHI SUTTRU,1905920.0,16352
607,2016,2,ISHQ FOREVER,29410.0,257
608,2016,2,JIL JUNG JUK,656500.0,5744
609,2016,2,JOY,41200.0,347
610,2016,2,KANITHAN,102270.0,932
611,2016,2,KATHAKALI,106790.0,911
612,2016,2,KRISHNA GAADI VEERA PREMA GAADHA,170500.0,1452
613,2016,2,KRISHNASHTAMI,63570.0,549
614,2016,2,KSHANAM,39200.0,334
615,2016,2,KYA KOOL HAIN HUM 3,21900.0,188
616,2016,2,LACHHIMDEVIKI OH LEKKUNDHI,1470.0,15
617,2016,2,LOVESHHUDA,63300.0,544
618,2016,2,MAHESHINTE PRATHIKAARAM,81770.0,697
619,2016,2,MASTIZAADE,215020.0,1900
620,2016,2,MIRUTHAN,612260.0,5401
621,2016,2,NAANNAKU PREMATHO,30850.0,258
622,2016,2,NAVARASA THILAGAM,73060.0,640
623,2016,2,NAYYAPPUDAI,31660.0,273
624,2016,2,NEERJA,695280.0,5871
625,2016,2,PASANGA 2,29760.0,248
626,2016,2,PREMAM,119100.0,998
627,2016,2,PRIDE AND PREJUDICE AND ZOMBIES,34040.0,291
628,2016,2,PUTHIYA NIYAMAM,251340.0,2144
629,2016,2,RAJINI MURUGAN,216950.0,1873
630,2016,2,ROOM,78040.0,654
631,2016,2,SAAHASAM,104550.0,918
632,2016,2,SAALA KHADOOS,134990.0,1146
633,2016,2,SANAM RE,107460.0,923
634,2016,2,SANAM TERI KASAM,157160.0,1350
635,2016,2,SEETHAMMA ANDAALU RAMAIYYA SITHRALU,1440.0,12
636,2016,2,SETHU BOOMI,66010.0,562
637,2016,2,SETHUPATHI,860130.0,7517
638,2016,2,SHIVALINGA,10960.0,95
639,2016,2,SOGGADE CHINNI NAYANA,32540.0,273
640,2016,2,SPEEDUNNODU,42010.0,373
641,2016,2,SPOTLIGHT,136320.0,1147
642,2016,2,TERE BIN LADEN DEAD OR ALIVE,51390.0,442
643,2016,2,THAARAI THAPPATTAI,36420.0,325
644,2016,2,THE 33,25710.0,217
645,2016,2,THE 5TH WAVE,34480.0,291
646,2016,2,THE FINEST HOURS,237360.0,1989
647,2016,2,THE HATEFUL EIGHT,43720.0,368
648,2016,2,THE REVENANT,297930.0,2524
649,2016,2,VETTAH,38660.0,324
650,2016,2,VIL AMBU,272620.0,2358
651,2016,2,VISAARANAI,1125350.0,9795
652,2016,2,WAZIR,38160.0,321
653,2016,3,13 HOURS THE SECRET SOLDIERS OF BENGHAZI,152830.0,1302
654,2016,3,AAGAM,30860.0,270
655,2016,3,AARATHU SINAM,409680.0,3546
656,2016,3,ACTION HERO BIJU,294990.0,2483
657,2016,3,ADIDA MELAM,33200.0,284
658,2016,3,AIRLIFT,26050.0,218
659,2016,3,ALIGARH,25730.0,219
660,2016,3,ARANMANAI 2,29770.0,249
661,2016,3,AVIYAL,226270.0,1947
662,2016,3,BATMAN V SUPERMAN DAWN OF JUSTICE,1251360.0,10582
663,2016,3,BATMAN V SUPERMAN DAWN OF JUSTICE PAID PREMIER,163150.0,1399
664,2016,3,BLIND DATE,30120.0,251
665,2016,3,BUS 657,75480.0,651
666,2016,3,CAROL,27090.0,234
667,2016,3,DARVINTE PARINAMAM,48270.0,416
668,2016,3,DEADPOOL,350650.0,2956
669,2016,3,EYE IN THE SKY,164090.0,1405
670,2016,3,GODS OF EGYPT,148280.0,1254
671,2016,3,IRUDHI SUTTRU,201250.0,1700
672,2016,3,JAI GANGAAJAL,383770.0,3287
673,2016,3,KADHALUM KADANTHU POGUM,1797530.0,15435
674,2016,3,KALI,95410.0,829
675,2016,3,KALYANA VAIBHOGAME,156420.0,1331
676,2016,3,KANITHAN,657700.0,5644
677,2016,3,KAPOOR AND SONS,1279350.0,10752
678,2016,3,KATHIRAVANIN KODAI MAZHAI,19630.0,170
679,2016,3,KSHANAM,204850.0,1730
680,2016,3,LEGENDARY AMAZONS,8080.0,71
681,2016,3,LONDON HAS FALLEN,542620.0,4608
682,2016,3,MAAPLA SINGAM,244380.0,2130
683,2016,3,MIRUTHAN,360870.0,3087
684,2016,3,NATPADHIGAARAM 79,50480.0,428
685,2016,3,NAYYAPPUDAI,2450.0,25
686,2016,3,NEERJA,1052260.0,8825
687,2016,3,PICHAIKKARAN,490970.0,4371
688,2016,3,POKKIRI RAJA,230560.0,1991
689,2016,3,PUGAZH,306860.0,2713
690,2016,3,PUTHIYA NIYAMAM,27030.0,228
691,2016,3,RACE,58640.0,496
692,2016,3,ROCKY HANDSOME,186930.0,1624
693,2016,3,RUN,43880.0,373
694,2016,3,SAWAARI,116570.0,1020
695,2016,3,SETHUPATHI,698560.0,5924
696,2016,3,SOWCARPETTAI,131790.0,1156
697,2016,3,SPOTLIGHT,412930.0,3464
698,2016,3,TERAA SURROOR,60890.0,545
699,2016,3,TERE BIN LADEN DEAD OR ALIVE,18010.0,162
700,2016,3,THE REVENANT,922880.0,7765
701,2016,3,THOZHA,400410.0,3576
702,2016,3,TRIPLE NINE,75640.0,645
703,2016,3,VALEBA RAJA,77600.0,676
704,2016,3,VETTAH,20540.0,184
705,2016,3,VIDAYUTHAM,79110.0,673
706,2016,3,VISAARANAI,24400.0,207
707,2016,3,ZERO,165780.0,1464
708,2016,3,ZOOTOPIA,751460.0,6308
709,2016,3,ZUBAAN,6860.0,59
710,2016,4,10 CLOVERFIELD LANE,25730.0,219
711,2016,4,AVAN AVAL,57450.0,487
712,2016,4,BAAGHI,59840.0,528
713,2016,4,BATMAN V SUPERMAN DAWN OF JUSTICE,1111890.0,9329
714,2016,4,BLIND DATE,31560.0,263
715,2016,4,DARLING 2,415640.0,3625
716,2016,4,ENNUL AAYIRAM,64950.0,566
717,2016,4,FAN,1097100.0,9368
718,2016,4,HELLO NAAN PEI PESUREN,867910.0,7602
719,2016,4,JACOBINTE SWARGARAJYAM,466640.0,3973
720,2016,4,JITHAN 2,166660.0,1431
721,2016,4,KADHALUM KADANTHU POGUM,84000.0,711
722,2016,4,KALAM,23890.0,211
723,2016,4,KALI,389140.0,3285
724,2016,4,KANDAEN KADHAL KONDAEN,7200.0,60
725,2016,4,KANITHAN,116170.0,980
726,2016,4,KAPOOR AND SONS,403380.0,3378
727,2016,4,KI AND KA,1257390.0,10602
728,2016,4,KIDA POOSARI MAGUDI,47250.0,413
729,2016,4,KUNG FU PANDA 3,1492700.0,12529
730,2016,4,LEELA,54730.0,468
731,2016,4,LOVE GAMES,66290.0,579
732,2016,4,MANITHAN,291970.0,2577
733,2016,4,MOTHERS DAY,22980.0,197
734,2016,4,NARATHAN,46380.0,414
735,2016,4,NEERJA,72160.0,605
736,2016,4,NIL BATTEY SANNATTA,105240.0,899
737,2016,4,OYEE,20480.0,178
738,2016,4,PICHAIKKARAN,183040.0,1562
739,2016,4,ROCKY HANDSOME,77040.0,654
740,2016,4,SANTA BANTA,58880.0,509
741,2016,4,SARDAAR GABBARSINGH,310580.0,2689
742,2016,4,SARRAINODU,249400.0,2170
743,2016,4,SAVITRI,51360.0,461
744,2016,4,THE HUNTSMAN WINTERS WAR,227710.0,1915
745,2016,4,THE JUNGLE BOOK,1524220.0,13085
746,2016,4,THE MAN WHO KNEW INFINITY,38700.0,339
747,2016,4,THE REVENANT,74680.0,626
748,2016,4,THERI,4819210.0,42119
749,2016,4,THOZHA,805470.0,6913
750,2016,4,UYIRE UYIRE,135920.0,1173
751,2016,4,VETRIVEL,328510.0,2920
752,2016,4,ZERO,67890.0,574
753,2016,4,ZOOTOPIA,190130.0,1589
754,2016,5,10 CLOVERFIELD LANE,146830.0,1252
755,2016,5,1920 LONDON,208180.0,1788
756,2016,5,24,2002040.0,17307
757,2016,5,ALICE THROUGH THE LOOKING GLASS,64710.0,542
758,2016,5,AZHAR,312420.0,2664
759,2016,5,BAAGHI,298960.0,2627
760,2016,5,BLIND DATE,49450.0,413
761,2016,5,BRAHMOTSAVAM,378010.0,3239
762,2016,5,CAPTAIN AMERICA CIVIL WAR,1175380.0,10002
763,2016,5,DEAR DAD,84570.0,713
764,2016,5,FAN,129460.0,1102
765,2016,5,IDHU NAMMA AALU,570090.0,5102
766,2016,5,INAIYA THALAIMURAI,13330.0,112
767,2016,5,JACOBINTE SWARGARAJYAM,154020.0,1300
768,2016,5,JUMBULINGAM,114220.0,961
769,2016,5,KALAM,142710.0,1225
770,2016,5,KAMMATIPAADAM,81870.0,707
771,2016,5,KANDAEN KADHAL KONDAEN,7200.0,60
772,2016,5,KATHA SOLLA POROM,82970.0,718
773,2016,5,KI AND KA,62770.0,535
774,2016,5,KO 2,650440.0,5622
775,2016,5,KUNG FU PANDA 3,58820.0,492
776,2016,5,MANITHAN,1977690.0,16918
777,2016,5,MARUTHU,790440.0,6983
778,2016,5,MEERA JAKIRATHAI,840.0,7
779,2016,5,MONEY MONSTER,312760.0,2632
780,2016,5,MOTHERS DAY,55040.0,466
781,2016,5,NAAN YAAR,83760.0,709
782,2016,5,NIL BATTEY SANNATTA,141910.0,1189
783,2016,5,ONE NIGHT STAND,83660.0,743
784,2016,5,PELE BIRTH OF A LEGEND,206440.0,1746
785,2016,5,PENCIL,490680.0,4276
786,2016,5,PHOBIA,68290.0,592
787,2016,5,SARBJIT,159960.0,1388
788,2016,5,SARRAINODU,207460.0,1793
789,2016,5,SCHOOL BUS,53970.0,458
790,2016,5,SPL 2,36860.0,320
791,2016,5,SUPREME,108980.0,932
792,2016,5,THE ANGRY BIRDS MOVIE,254630.0,2176
793,2016,5,THE HUNTSMAN WINTERS WAR,126320.0,1060
794,2016,5,THE JUNGLE BOOK,837400.0,7092
795,2016,5,THE MAN WHO KNEW INFINITY,407750.0,3430
796,2016,5,THERI,1861480.0,15868
797,2016,5,THITHI,19580.0,165
798,2016,5,THOZHA,344870.0,2917
799,2016,5,TRAFFIC,150700.0,1276
800,2016,5,U TURN,39130.0,338
801,2016,5,UNNODU KA,85380.0,739
802,2016,5,URIYADI,52660.0,470
803,2016,5,VETRIVEL,151720.0,1323
804,2016,5,WAITING,80640.0,683
805,2016,5,X MEN APOCALYPSE,775100.0,6560
806,2016,6,24,278050.0,2340
807,2016,6,7 HOURS TO GO,35260.0,314
808,2016,6,A AA,418470.0,3556
809,2016,6,ALICE THROUGH THE LOOKING GLASS,198420.0,1670
810,2016,6,AMMA KANAKKU,175870.0,1538
811,2016,6,AZHAR,22720.0,193
812,2016,6,BLIND DATE,42400.0,357
813,2016,6,BRAHMOTSAVAM,20790.0,176
814,2016,6,CAPTAIN AMERICA CIVIL WAR,124840.0,1044
815,2016,6,CENTRAL INTELLIGENCE,260260.0,2222
816,2016,6,DHANAK,65550.0,560
817,2016,6,DO LAFZON KI KAHANI,69380.0,613
818,2016,6,ENAKKU INNORU PER IRUKU,832030.0,7336
819,2016,6,FINDING DORY,673390.0,5640
820,2016,6,HAPPY WEDDING,31860.0,271
821,2016,6,HOUSEFULL 3,1169110.0,9958
822,2016,6,IDHU NAMMA AALU,886870.0,7551
823,2016,6,INDEPENDENCE DAY RESURGENCE,374430.0,3156
824,2016,6,IRAIVI,1342650.0,11604
825,2016,6,JUNOONIYAT,129000.0,1130
826,2016,6,KO 2,80310.0,683
827,2016,6,MANITHAN,90580.0,775
828,2016,6,MARUTHU,110040.0,961
829,2016,6,ME BEFORE YOU,255390.0,2153
830,2016,6,METRO,167380.0,1492
831,2016,6,MUTHINA KATHIRIKA,249060.0,2224
832,2016,6,NANI GENTLEMAN,184630.0,1589
833,2016,6,NOW YOU SEE ME 2,427330.0,3617
834,2016,6,OKA AMMAYI THAPPA,49550.0,434
835,2016,6,ORU NAAL KOOTHU,410880.0,3611
836,2016,6,PELE BIRTH OF A LEGEND,19110.0,162
837,2016,6,PENCIL,7920.0,66
838,2016,6,PHOBIA,119780.0,1022
839,2016,6,RAASA MANDHIRI,38120.0,336
840,2016,6,RAMAN RAGHAV 2 0,95440.0,832
841,2016,6,SARBJIT,85870.0,722
842,2016,6,SCHOOL BUS,840.0,7
843,2016,6,SHORGUL,3000.0,25
844,2016,6,TE3N,498400.0,4201
845,2016,6,TEENAGE MUTANT NINJA TURTLES OUT OF THE SHADOWS,271810.0,2299
846,2016,6,THE ANGRY BIRDS MOVIE,644690.0,5410
847,2016,6,THE CONJURING 2,1489880.0,12776
848,2016,6,THE JUNGLE BOOK,411560.0,3459
849,2016,6,THE MAN WHO KNEW INFINITY,167950.0,1406
850,2016,6,THERI,273500.0,2329
851,2016,6,THOZHA,17420.0,147
852,2016,6,UDTA PUNJAB,674350.0,5736
853,2016,6,URIYADI,95830.0,827
854,2016,6,VELAINNU VANTHUTTA VELLAKARAN,1040830.0,9127
855,2016,6,WAITING,180060.0,1517
856,2016,6,WARCRAFT,241860.0,2043
857,2016,6,X MEN APOCALYPSE,252560.0,2123
858,2016,7,ADRA MACHAN VISILU,82030.0,723
859,2016,7,AMMA KANAKKU,109770.0,945
860,2016,7,ANURAGA KARIKKIN VELLAM,120990.0,1044
861,2016,7,APPA,692970.0,6146
862,2016,7,ARTHANAARI,101330.0,860
863,2016,7,ATTI,120.0,1
864,2016,7,BAD MOMS,70440.0,609
865,2016,7,BLIND DATE,23010.0,200
866,2016,7,DHILLUKU DHUDDU,924920.0,8221
867,2016,7,DISHOOM,71770.0,643
868,2016,7,ENAKKU INNORU PER IRUKU,50310.0,444
869,2016,7,FINDING DORY,806750.0,6744
870,2016,7,GHOSTBUSTERS,77360.0,652
871,2016,7,GREAT GRAND MASTI,235980.0,2093
872,2016,7,HOUSEFULL 3,150740.0,1269
873,2016,7,ICE AGE COLLISION COURSE,894740.0,7524
874,2016,7,IDHU NAMMA AALU,165710.0,1391
875,2016,7,INDEPENDENCE DAY RESURGENCE,374060.0,3156
876,2016,7,JACKSON DURAI,700160.0,6139
877,2016,7,KA KA KA PO,16730.0,144
878,2016,7,KABALI,4888960.0,42560
879,2016,7,KASABA,124860.0,1090
880,2016,7,LIGHTS OUT,71790.0,645
881,2016,7,MADAARI SSHHH DESH SO RAHA HAI,117470.0,1022
882,2016,7,METRO,314280.0,2763
883,2016,7,MUTHINA KATHIRIKA,52580.0,454
884,2016,7,NANI GENTLEMAN,144550.0,1233
885,2016,7,NOW YOU SEE ME 2,316740.0,2689
886,2016,7,ONBATHILRINDHU PATHU VARAI,18480.0,165
887,2016,7,ORU NAAL KOOTHU,48890.0,412
888,2016,7,OZHIVUDIVASATHE KALI,112080.0,956
889,2016,7,PAISA,58130.0,522
890,2016,7,RAMAN RAGHAV 2 0,57680.0,489
891,2016,7,SELFIE RAAJA,59600.0,537
892,2016,7,SHAJAHANUM PAREEKUTTIYUM,55950.0,491
893,2016,7,SHORGUL,33640.0,295
894,2016,7,STAR TREK BEYOND,201680.0,1699
895,2016,7,SULTAN,2524310.0,21618
896,2016,7,THE ANGRY BIRDS MOVIE,118920.0,991
897,2016,7,THE BFG,77440.0,671
898,2016,7,THE CONJURING 2,325110.0,2745
899,2016,7,THE JUNGLE BOOK,148610.0,1243
900,2016,7,THE LEGEND OF TARZAN,369270.0,3157
901,2016,7,THE SECRET LIFE OF PETS,515080.0,4318
902,2016,7,THERI,177070.0,1504
903,2016,7,UDTA PUNJAB,303030.0,2561
904,2016,7,VEERAPPAN,40050.0,353
905,2016,7,VELAINNU VANTHUTTA VELLAKARAN,210180.0,1805
906,2016,7,WHITE,35130.0,301
907,2016,8,54321,54650.0,482
908,2016,8,A FLYING JATT,249620.0,2159
909,2016,8,ANNMARIYA KALIPPILANNU,73680.0,647
910,2016,8,APPA,357370.0,3067
911,2016,8,ATADUKUNDAM RAA,32710.0,290
912,2016,8,BAABU BANGAARAM,285350.0,2467
913,2016,8,BAD MOMS,429900.0,3654
914,2016,8,BAYAM ORU PAYANAM,71230.0,644
915,2016,8,BEN HUR,256960.0,2167
916,2016,8,BLIND DATE,34800.0,290
917,2016,8,BUDHIA SINGH BORN TO RUN,48500.0,429
918,2016,8,DHARMADURAI,353650.0,3190
919,2016,8,DISHOOM,343740.0,2969
920,2016,8,ENNAMA KADHAUDRANUNGA,23810.0,203
921,2016,8,GHOSTBUSTERS,257170.0,2155
922,2016,8,HAPPY BHAG JAYEGI,352240.0,3027
923,2016,8,ICE AGE COLLISION COURSE,465440.0,3900
924,2016,8,JASON BOURNE,590150.0,4972
925,2016,8,JOKER,629090.0,5533
926,2016,8,KABALI,2260240.0,19180
927,2016,8,LIGHTS OUT,1506040.0,12862
928,2016,8,MADAARI SSHHH DESH SO RAHA HAI,127580.0,1076
929,2016,8,MECHANIC RESURRECTION,336050.0,2926
930,2016,8,MEENDUM ORU KADHAL KADHAI,124410.0,1111
931,2016,8,MOHENJO DARO,936110.0,8099
932,2016,8,MUDINJA IVANA PUDI,70630.0,628
933,2016,8,NAMADHU,76890.0,660
934,2016,8,NAMBIYAAR,214210.0,1896
935,2016,8,NINE LIVES,136650.0,1147
936,2016,8,PELLI CHUPULU,301190.0,2575
937,2016,8,PETE S DRAGON,269360.0,2274
938,2016,8,PINNEYUM,62600.0,540
939,2016,8,PRETHAM,134750.0,1166
940,2016,8,RUSTOM,1041490.0,8900
941,2016,8,SANDIKUTHIRAI,23860.0,208
942,2016,8,SRIRASTU SUBHAMASTU,94340.0,821
943,2016,8,STAR TREK BEYOND,44080.0,371
944,2016,8,SUICIDE SQUAD,1195630.0,10124
945,2016,8,SULTAN,155020.0,1312
946,2016,8,TAMILSELVANUM THANIYAAR ANJALUM,258280.0,2310
947,2016,8,THE BFG,216060.0,1817
948,2016,8,THE LEGEND OF MICHAEL MISHRA,37650.0,322
949,2016,8,THIRUNAAL,492770.0,4408
950,2016,8,UNINDIAN,10810.0,91
951,2016,8,VENDRU VARUVAN,22050.0,192
952,2016,8,VISMAYAM,70260.0,613
953,2016,8,WAGAH,527430.0,4662
954,2016,8,WAR DOGS,260850.0,2215
955,2016,8,WHITE,13830.0,118
956,2016,9,54321,8770.0,74
957,2016,9,A FLYING JATT,8570.0,76
958,2016,9,AANDAVAN KATTALAI,551950.0,4870
959,2016,9,AKIRA,414080.0,3590
960,2016,9,APPA,9360.0,78
961,2016,9,BAAR BAAR DEKHO,526310.0,4495
962,2016,9,BAD MOMS,187130.0,1575
963,2016,9,BANJO,136510.0,1199
964,2016,9,BAYAM ORU PAYANAM,76000.0,648
965,2016,9,BLIND DATE,25800.0,215
966,2016,9,DAYS OF TAFREE,78790.0,663
967,2016,9,DHARMADURAI,384120.0,3278
968,2016,9,DONT BREATHE,1415590.0,12034
969,2016,9,FREAKY ALI,256390.0,2201
970,2016,9,HAPPY BHAG JAYEGI,430240.0,3644
971,2016,9,HOWL,95220.0,821
972,2016,9,HYPER,22750.0,196
973,2016,9,ICE AGE COLLISION COURSE,420270.0,3505
974,2016,9,IRUMUGAN,2602060.0,22652
975,2016,9,JANATHA GARAGE,380880.0,3284
976,2016,9,JASON BOURNE,8400.0,70
977,2016,9,JO ACHYUTHANANDA,171490.0,1485
978,2016,9,JOKER,235420.0,2015
979,2016,9,KABALI,406670.0,3432
980,2016,9,KALLATTAM,23260.0,203
981,2016,9,KIDAARI,437240.0,3860
982,2016,9,KUTRAMAE THANDANAI,374910.0,3270
983,2016,9,LIGHTS OUT,88670.0,749
984,2016,9,MAJNU,163850.0,1392
985,2016,9,MECHANIC RESURRECTION,102440.0,872
986,2016,9,MEENDUM ORU KADHAL KADHAI,393920.0,3334
987,2016,9,MS DHONI THE UNTOLD STORY,125860.0,1124
988,2016,9,NAAYAGI,68860.0,616
989,2016,9,NINE LIVES,15000.0,125
990,2016,9,NIRMALA CONVENT,45510.0,393
991,2016,9,OOZHAM,143480.0,1236
992,2016,9,OPPAM,346830.0,2959
993,2016,9,ORU MUTHASSI GADHA,61100.0,511
994,2016,9,PARCHED,13060.0,118
995,2016,9,PELLI CHUPULU,232740.0,1967
996,2016,9,PETE S DRAGON,240750.0,2020
997,2016,9,PINK,978730.0,8294
998,2016,9,RAAZ REBOOT,142940.0,1248
999,2016,9,ROBINSON CRUSOE,154170.0,1293
1000,2016,9,RUSTOM,78630.0,669
1001,2016,9,SATHURAM 2,45540.0,407
1002,2016,9,SKIPTRACE,285360.0,2444
1003,2016,9,STORKS,232120.0,1938
1004,2016,9,SUICIDE SQUAD,12960.0,108
1005,2016,9,SULLY,670930.0,5715
1006,2016,9,SUNSHINE MUSIC TOURS AND TRAVELS,21000.0,186
1007,2016,9,SURYAKANTHI,10510.0,94
1008,2016,9,THE MAGNIFICENT SEVEN,299890.0,2533
1009,2016,9,THODARI,609340.0,5417
1010,2016,9,UCHATHULA SHIVA,31330.0,284
1011,2016,9,VAAIMAI,74240.0,637
1012,2016,9,WAGAH,68580.0,588
1013,2016,9,WAH TAJ,18940.0,167
1014,2016,9,WAR DOGS,95910.0,802
1015,2016,10,31ST OCTOBER,34380.0,314
1016,2016,10,AANDAVAN KATTALAI,1052120.0,8962
1017,2016,10,AE DIL HAI MUSHKIL,376470.0,3217
1018,2016,10,AMMANI,11480.0,103
1019,2016,10,ANNA,15780.0,137
1020,2016,10,BEIIMAAN LOVE,73010.0,657
1021,2016,10,BLIND DATE,45120.0,387
1022,2016,10,BRIDGET JONES S BABY,46840.0,394
1023,2016,10,DEVI,1631150.0,14177
1024,2016,10,DONT BREATHE,72520.0,608
1025,2016,10,FUDDU,30750.0,270
1026,2016,10,HOWL,66810.0,565
1027,2016,10,HYPER,108490.0,938
1028,2016,10,ICE AGE COLLISION COURSE,204740.0,1708
1029,2016,10,INFERNO,617740.0,5223
1030,2016,10,IRUMUGAN,327450.0,2759
1031,2016,10,ISM,113340.0,994
1032,2016,10,JACK REACHER NEVER GO BACK,555370.0,4706
1033,2016,10,KAASHMORA,689120.0,6014
1034,2016,10,KABALI,104650.0,873
1035,2016,10,KADALAI,35700.0,303
1036,2016,10,KAGITHA KAPPAL,16160.0,142
1037,2016,10,KALLATTAM,85520.0,753
1038,2016,10,KODI,679960.0,5945
1039,2016,10,MAJNU,54990.0,472
1040,2016,10,MEENDUM ORU KADHAL KADHAI,239240.0,2001
1041,2016,10,MIRZYA,203820.0,1739
1042,2016,10,MISS PEREGRINES HOME FOR PECULIAR CHILDREN,136390.0,1143
1043,2016,10,MOTU PATLU KING OF KINGS,72030.0,603
1044,2016,10,MS DHONI THE UNTOLD STORY,1539660.0,13112
1045,2016,10,NEE ENBATHU,17820.0,154
1046,2016,10,OPPAM,86870.0,734
1047,2016,10,PINK,563720.0,4730
1048,2016,10,PREMAM,240590.0,2070
1049,2016,10,PULIMURUGAN,396260.0,3447
1050,2016,10,QUEEN OF KATWE,135490.0,1130
1051,2016,10,REKKA,816050.0,7146
1052,2016,10,REMO,2258250.0,19708
1053,2016,10,RICKSHAWKARAN,3350.0,38
1054,2016,10,SHIVAAY,219890.0,1892
1055,2016,10,STORKS,478180.0,4005
1056,2016,10,SULLY,435240.0,3649
1057,2016,10,THE ACCOUNTANT,579330.0,4902
1058,2016,10,THE GIRL ON THE TRAIN,236030.0,1999
1059,2016,10,THE MAGNIFICENT SEVEN,137170.0,1155
1060,2016,10,THIRAIKKU VARAADHA KADHAI,43040.0,366
1061,2016,10,THODARI,324490.0,2782
1062,2016,10,THOPPIL JOPPAN,80470.0,688
1063,2016,10,TRAIN TO BUSAN,81600.0,702
1064,2016,10,WITHIN,87270.0,741
1065,2016,10,WOLVES AT THE DOOR,127340.0,1096
1066,2016,11,AANANDAM,73720.0,640
1067,2016,11,AANDAVAN KATTALAI,107380.0,904
1068,2016,11,ACHCHAM ENBADHU MADAMAIYADA,2656470.0,22921
1069,2016,11,ACHCHAM YENBADHU MADAMAIYADA,1823760.0,15869
1070,2016,11,AE DIL HAI MUSHKIL,1120410.0,9532
1071,2016,11,ARRIVAL,181580.0,1548
1072,2016,11,BILLY LYNNS LONG HALFTIME WALK,100050.0,853
1073,2016,11,BLIND DATE,25680.0,214
1074,2016,11,BRIDGET JONES S BABY,85730.0,730
1075,2016,11,DEAR ZINDAGI,558870.0,4781
1076,2016,11,DESIERTO,45990.0,408
1077,2016,11,DEVI,105720.0,892
1078,2016,11,DOCTOR STRANGE,1669930.0,14016
1079,2016,11,FANTASTIC BEASTS AND WHERE TO FIND THEM,871030.0,7298
1080,2016,11,FORCE 2,424400.0,3676
1081,2016,11,INFERNO,90270.0,755
1082,2016,11,JAYAMMU NISCHAYAMMU RA,38990.0,337
1083,2016,11,KAASHMORA,1301350.0,11104
1084,2016,11,KADALAI,21250.0,178
1085,2016,11,KADAVUL IRUKAAN KUMAARU,683600.0,6023
1086,2016,11,KANLA KAASA KATAPPA,51240.0,460
1087,2016,11,KATTAPPANAYILE RITHWIK ROSHAN,133680.0,1147
1088,2016,11,KAVALAI VENDAM,628370.0,5483
1089,2016,11,KODI,1099660.0,9393
1090,2016,11,MEEN KUZHANBUM MANN PANNAYUM,285490.0,2523
1091,2016,11,MOH MAYA MONEY,29970.0,269
1092,2016,11,MR CHURCH,40350.0,350
1093,2016,11,MURUGAVEL,30300.0,258
1094,2016,11,NARUDA DONORUDA,29570.0,251
1095,2016,11,NERVE,53080.0,446
1096,2016,11,PATTATHARI,54140.0,475
1097,2016,11,REKKA,18120.0,151
1098,2016,11,REMO,262240.0,2200
1099,2016,11,ROCK ON 2,354080.0,3002
1100,2016,11,SHIVAAY,458140.0,3915
1101,2016,11,SHUT IN,47500.0,405
1102,2016,11,STORKS,92520.0,771
1103,2016,11,SULLY,93760.0,785
1104,2016,11,SWARNAKKADUVA,44020.0,387
1105,2016,11,THE ACCOUNTANT,276720.0,2328
1106,2016,11,THE GIRL ON THE TRAIN,99570.0,838
1107,2016,11,THIRAIKKU VARAADHA KADHAI,7630.0,70
1108,2016,11,TROLLS,140300.0,1171
1109,2016,11,TUM BIN 2,34840.0,305
1110,2016,12,ACHAMINDRI,23840.0,206
1111,2016,12,ACHCHAM ENBADHU MADAMAIYADA,530210.0,4489
1112,2016,12,AE DIL HAI MUSHKIL,79030.0,665
1113,2016,12,AMEERPETA LO,20800.0,177
1114,2016,12,ANTHA MAAN,17200.0,158
1115,2016,12,APPATLO OKADUNDEVAADU,18540.0,160
1116,2016,12,ARRIVAL,423900.0,3571
1117,2016,12,ASSASSINS CREED,111300.0,944
1118,2016,12,ATTI,1680.0,14
1119,2016,12,AZHAHENDRA SOLLUKKU AMUDHA,19380.0,167
1120,2016,12,BALE VELLAYA THEVA,363930.0,3195
1121,2016,12,BEFIKRE,826310.0,6973
1122,2016,12,BLIND DATE,24480.0,204
1123,2016,12,CHENNAI 600028 II,1244330.0,10781
1124,2016,12,COLLATERAL BEAUTY,199700.0,1677
1125,2016,12,DANGAL,1559230.0,13473
1126,2016,12,DEAR ZINDAGI,766610.0,6426
1127,2016,12,DEEPWATER HORIZON,109930.0,939
1128,2016,12,DHRUVA,253310.0,2165
1129,2016,12,DHURUVANGAL PATHINAARU,50960.0,443
1130,2016,12,DOCTOR STRANGE,381150.0,3190
1131,2016,12,FANTASTIC BEASTS AND WHERE TO FIND THEM,520560.0,4371
1132,2016,12,FORCE 2,73260.0,616
1133,2016,12,HACKSAW RIDGE,422480.0,3587
1134,2016,12,INTLO DEYYAM NAKEM BHAYAM,18050.0,155
1135,2016,12,KADAVUL IRUKAAN KUMAARU,64180.0,555
1136,2016,12,KAHAANI 2,968430.0,8172
1137,2016,12,KATHTHI SANDAI,717730.0,6290
1138,2016,12,KAVALAI VENDAM,233600.0,2009
1139,2016,12,LA LA LAND,286150.0,2413
1140,2016,12,MANALL KAYIRU 2,108360.0,958
1141,2016,12,MAVEERAN KITTU,333100.0,2917
1142,2016,12,MEOW,23880.0,210
1143,2016,12,MO,34260.0,302
1144,2016,12,MOANA,1088740.0,9137
1145,2016,12,OFFICE CHRISTMAS PARTY,115650.0,972
1146,2016,12,ORE MUGHAM,13630.0,120
1147,2016,12,PARANTHU SELLA VAA,142770.0,1231
1148,2016,12,PATTATHARI,1080.0,9
1149,2016,12,PAZHAYAVANNARAPETAI,39620.0,354
1150,2016,12,PITTAGODA,12370.0,104
1151,2016,12,ROGUE ONE A STAR WARS STORY,331610.0,2779
1152,2016,12,SAITHAN,1425840.0,12300
1153,2016,12,SAPTAGIRI EXPRESS,63350.0,538
1154,2016,12,SING,101890.0,850
1155,2016,12,UNDERWORLD 5 BLOOD WARS,196830.0,1665
1156,2016,12,VEERASIVAJI,565280.0,4939
1157,2016,12,WAJAH TUM HO,63540.0,557
1158,2017,1,AAYIRATHIL ORUVAN,2350.0,26
1159,2017,1,ACHAMINDRI,316060.0,2731
1160,2017,1,ACHCHAM ENBADHU MADAMAIYADA,92790.0,787
1161,2017,1,ALLIED,232660.0,1981
1162,2017,1,APPATLO OKADUNDEVAADU,32400.0,281
1163,2017,1,ARRIVAL,407130.0,3423
1164,2017,1,ASSASSINS CREED,316140.0,2662
1165,2017,1,ATHEY KANGAL,181860.0,1609
1166,2017,1,BAIRAVAA,1813950.0,16098
1167,2017,1,BALE VELLAYA THEVA,88370.0,763
1168,2017,1,BLIND DATE,7440.0,62
1169,2017,1,CHENNAI 600028 II,249820.0,2135
1170,2017,1,COFFEE WITH D,34470.0,301
1171,2017,1,DANGAL,2096110.0,17705
1172,2017,1,DEAR ZINDAGI,121910.0,1041
1173,2017,1,DHURUVANGAL PATHINAARU,1264800.0,10826
1174,2017,1,DOCTOR STRANGE,125670.0,1050
1175,2017,1,FANTASTIC BEASTS AND WHERE TO FIND THEM,150680.0,1263
1176,2017,1,GAUTAMIPUTRA SATAKARNI,386350.0,3270
1177,2017,1,HACKSAW RIDGE,125730.0,1056
1178,2017,1,HARAAMKHOR,119600.0,1004
1179,2017,1,INTLO DEYYAM NAKEM BHAYAM,12020.0,102
1180,2017,1,JOMONTE SUVISESHANGAL,181550.0,1567
1181,2017,1,KAABIL,823130.0,7095
1182,2017,1,KAHAANI 2,48440.0,411
1183,2017,1,KATHTHI SANDAI,221140.0,1907
1184,2017,1,KHAIDI NO 150,505190.0,4347
1185,2017,1,KIRIK PARTY,46650.0,397
1186,2017,1,KODITTA IDANGALAI NIRAPPUGA,394910.0,3435
1187,2017,1,LA LA LAND,548810.0,4611
1188,2017,1,LIVE BY NIGHT,164070.0,1403
1189,2017,1,MANALL KAYIRU 2,38800.0,338
1190,2017,1,MEOW,43290.0,380
1191,2017,1,MO,127430.0,1127
1192,2017,1,MOANA,119460.0,1001
1193,2017,1,MUNTHIRIVALLIKAL THALLIRKKUMBOL,293580.0,2510
1194,2017,1,OK JAANU,628620.0,5343
1195,2017,1,PASSENGERS,503080.0,4229
1196,2017,1,RAEES,898050.0,7745
1197,2017,1,SAITHAN,37960.0,320
1198,2017,1,SHATAMANAM BHAVATHI,266760.0,2267
1199,2017,1,SING,192780.0,1623
1200,2017,1,THE FOUNDER,207680.0,1749
1201,2017,1,VEERASIVAJI,32830.0,280
1202,2017,1,XXX RETURN OF XANDER CAGE,844970.0,7167
1203,2017,2,ARRIVAL,11280.0,94
1204,2017,2,ATHEY KANGAL,415430.0,3516
1205,2017,2,BAIRAVAA,196570.0,1661
1206,2017,2,BLIND DATE,16810.0,141
1207,2017,2,BOGAN,2174820.0,18681
1208,2017,2,DANGAL,329170.0,2755
1209,2017,2,DHURUVANGAL PATHINAARU,453200.0,3817
1210,2017,2,ENAKKU VAAITHA ADIMAIGAL,166830.0,1481
1211,2017,2,ENNODU VILAIYADU,57330.0,508
1212,2017,2,EZRA,164240.0,1398
1213,2017,2,FUKRI,70200.0,607
1214,2017,2,GAUTAMIPUTRA SATAKARNI,5160.0,43
1215,2017,2,GHAZI,368730.0,3224
1216,2017,2,HEBBULI,26930.0,240
1217,2017,2,HIDDEN FIGURES,148060.0,1243
1218,2017,2,HIND KA NAPAK KO JAWAB MSG LION HEART 2,840.0,7
1219,2017,2,IRADA,50430.0,445
1220,2017,2,JACKIE,44670.0,386
1221,2017,2,JOHN WICK CHAPTER 2,159490.0,1363
1222,2017,2,JOLLY LLB 2,903630.0,7665
1223,2017,2,JOMONTE SUVISESHANGAL,164350.0,1387
1224,2017,2,KAABIL,692650.0,5817
1225,2017,2,KADHAL KAN KATTUTHE,82980.0,741
1226,2017,2,KANAVU VARIYAM,50520.0,443
1227,2017,2,KHAIDI NO 150,5290.0,45
1228,2017,2,KODITTA IDANGALAI NIRAPPUGA,74050.0,629
1229,2017,2,KUNG FU YOGA,292220.0,2492
1230,2017,2,LA LA LAND,345790.0,2910
1231,2017,2,LION,109860.0,932
1232,2017,2,LIVE BY NIGHT,4720.0,43
1233,2017,2,MUNTHIRIVALLIKAL THALLIRKKUMBOL,26530.0,222
1234,2017,2,MUTHURAAMALINGAM,85950.0,763
1235,2017,2,NENU LOCAL,350980.0,2989
1236,2017,2,OK JAANU,75470.0,639
1237,2017,2,OM NAMO VENKATESAYA,113630.0,968
1238,2017,2,PAGADI AATTAM,65910.0,574
1239,2017,2,PASSENGERS,7800.0,65
1240,2017,2,PRAGAMIYAM,23330.0,199
1241,2017,2,RAEES,459840.0,3868
1242,2017,2,RANGOON,308780.0,2663
1243,2017,2,RESIDENT EVIL THE FINAL CHAPTER,214060.0,1815
1244,2017,2,RINGS,297400.0,2548
1245,2017,2,RUM,82560.0,732
1246,2017,2,RUNNING SHAADI,37250.0,326
1247,2017,2,SHATAMANAM BHAVATHI,9840.0,82
1248,2017,2,SI III,2434340.0,21127
1249,2017,2,SPLIT,194300.0,1643
1250,2017,2,THE FOUNDER,187920.0,1577
1251,2017,2,THE GREAT WALL,346970.0,2918
1252,2017,2,THE LEGO BATMAN MOVIE,330050.0,2755
1253,2017,2,THE SPACE BETWEEN US,120640.0,1020
1254,2017,2,WINNER,67510.0,591
1255,2017,2,XXX RETURN OF XANDER CAGE,83060.0,694
1256,2017,2,YAMAN,177290.0,1603
1257,2017,3,1 AM,38790.0,337
1258,2017,3,A DOGS PURPOSE,11880.0,99
1259,2017,3,ABY,57990.0,497
1260,2017,3,ALAMARA,65110.0,571
1261,2017,3,ANAARKALI OF AARAH,66130.0,589
1262,2017,3,ANGAMALY DIARIES,296700.0,2533
1263,2017,3,ATHEY KANGAL,83840.0,706
1264,2017,3,ATTU,11270.0,104
1265,2017,3,BAASHHA,72770.0,655
1266,2017,3,BADRINATH KI DULHANIA,974150.0,8287
1267,2017,3,BEAUTY AND THE BEAST,705850.0,5942
1268,2017,3,BEFORE I FALL,86590.0,739
1269,2017,3,BLIND DATE,31850.0,270
1270,2017,3,BOGAN,64190.0,545
1271,2017,3,BRUCE LEE,56550.0,507
1272,2017,3,C/O SAIRA BANU,40540.0,347
1273,2017,3,CHIPS,58980.0,497
1274,2017,3,DANGAL,90900.0,763
1275,2017,3,DHAYAM,46040.0,413
1276,2017,3,DHURUVANGAL PATHINAARU,410920.0,3450
1277,2017,3,DORA,59840.0,528
1278,2017,3,ENGITTA MODHATHE,78490.0,699
1279,2017,3,EZRA,18030.0,153
1280,2017,3,GHAZI,354240.0,3040
1281,2017,3,GUARDIANS THE SUPERHEROES,67730.0,591
1282,2017,3,GUNTURODU,42000.0,361
1283,2017,3,GURU,9740.0,83
1284,2017,3,HEBBULI,1560.0,13
1285,2017,3,HIDDEN FIGURES,202600.0,1703
1286,2017,3,HONEYBEE 2 CELEBRATIONS,34600.0,303
1287,2017,3,IVAN YARENDRU THERIKIRATHA,12480.0,104
1288,2017,3,JACKIE,13680.0,114
1289,2017,3,JOHN WICK CHAPTER 2,58620.0,494
1290,2017,3,JOLLY LLB 2,38660.0,324
1291,2017,3,KADUGU,141760.0,1251
1292,2017,3,KANAVU VARIYAM,84460.0,724
1293,2017,3,KANNA PINNA,82940.0,704
1294,2017,3,KATAMARAYUDU,160270.0,1375
1295,2017,3,KATTAPPAVA KANOM,201020.0,1765
1296,2017,3,KAVAN,59800.0,535
1297,2017,3,KITTU VUNNADU JAGRTHA,57820.0,502
1298,2017,3,KONG SKULL ISLAND,1511490.0,12725
1299,2017,3,KUTTRAM 23,1284850.0,11082
1300,2017,3,LA LA LAND,448800.0,3773
1301,2017,3,LIFE,241810.0,2038
1302,2017,3,LION,551680.0,4634
1303,2017,3,LOGAN,1252970.0,10622
1304,2017,3,MAANAGARAM,1411820.0,12253
1305,2017,3,MACHINE,46440.0,420
1306,2017,3,MOTTA SIVA KETTA SIVA,1036540.0,9087
1307,2017,3,MUPPARIMANAM,97120.0,857
1308,2017,3,NAALU PERUKKU NALLATHUNA ETHUVUME THAPPILA,6740.0,58
1309,2017,3,NAAM SHABANA,33360.0,289
1310,2017,3,NISABDHAM,66940.0,567
1311,2017,3,ORU MEXICAN APARATHA,147210.0,1268
1312,2017,3,PAAMBHU SATTAI,44240.0,398
1313,2017,3,PATRIOTS DAY,48650.0,410
1314,2017,3,PHILLAURI,199560.0,1707
1315,2017,3,POORNA,5160.0,43
1316,2017,3,POWER RANGERS,23190.0,196
1317,2017,3,RANGOON,152880.0,1318
1318,2017,3,RINGS,20290.0,170
1319,2017,3,SI III,372390.0,3150
1320,2017,3,SPLIT,404250.0,3400
1321,2017,3,TAKE OFF,154160.0,1325
1322,2017,3,THE BLACK MONEY TRAIL COMMANDO 2,273980.0,2395
1323,2017,3,THE BOSS BABY,11880.0,99
1324,2017,3,THE GREAT FATHER,11930.0,104
1325,2017,3,THE GREAT WALL,19080.0,159
1326,2017,3,THE LEGO BATMAN MOVIE,265010.0,2213
1327,2017,3,TRAPPED,170770.0,1446
1328,2017,3,VAIGAI EXPRESS,61480.0,549
1329,2017,3,WINNER,10470.0,101
1330,2017,3,YAAKKAI,16580.0,140
1331,2017,3,YAMAN,288650.0,2498
1332,2017,4,1971 BEYOND BORDERS,41230.0,350
1333,2017,4,8 THOTTAKKAL,324350.0,2790
1334,2017,4,A DOGS PURPOSE,367190.0,3092
1335,2017,4,AFTERMATH,72570.0,624
1336,2017,4,ANGAMALY DIARIES,142490.0,1214
1337,2017,4,ATTU,51260.0,473
1338,2017,4,BAAHUBALI 2 TAMIL,1261710.0,11034
1339,2017,4,BAAHUBALI 2 TELUGU,229890.0,1968
1340,2017,4,BADRINATH KI DULHANIA,128840.0,1081
1341,2017,4,BEAUTY AND THE BEAST,540520.0,4519
1342,2017,4,BEGUM JAAN,261310.0,2228
1343,2017,4,BLIND DATE,24000.0,200
1344,2017,4,BLUE MOUNTAINS,31340.0,274
1345,2017,4,COLOSSAL,44110.0,374
1346,2017,4,DHURUVANGAL PATHINAARU,68080.0,571
1347,2017,4,DORA,689120.0,5959
1348,2017,4,FAST AND  FURIOUS 8,1430060.0,12161
1349,2017,4,GEORGETTANS POORAM,11300.0,96
1350,2017,4,GHAZI,46860.0,396
1351,2017,4,GHOST IN THE SHELL,87660.0,736
1352,2017,4,GOING IN STYLE,88240.0,739
1353,2017,4,GURU,49800.0,437
1354,2017,4,JULIEUM 4 PERUM,20560.0,175
1355,2017,4,KAATRUVELIYIDAI,2545320.0,21643
1356,2017,4,KADAMBAN,624650.0,5432
1357,2017,4,KADUGU,72580.0,625
1358,2017,4,KAVAN,1681870.0,14528
1359,2017,4,KONG SKULL ISLAND,118070.0,994
1360,2017,4,KUTTRAM 23,71850.0,618
1361,2017,4,LA LA LAND,57860.0,484
1362,2017,4,LIFE,138560.0,1173
1363,2017,4,LION,60280.0,506
1364,2017,4,MAANAGARAM,520980.0,4435
1365,2017,4,MAATR,50700.0,439
1366,2017,4,MISTER,101260.0,864
1367,2017,4,MOTTA SIVA KETTA SIVA,64930.0,553
1368,2017,4,NAALU PERUKKU NALLATHUNA ETHUVUME THAPPILA,19800.0,176
1369,2017,4,NAAM SHABANA,444620.0,3762
1370,2017,4,NOOR,223840.0,1913
1371,2017,4,PA PANDI,1101740.0,9590
1372,2017,4,PHILLAURI,68830.0,580
1373,2017,4,POORNA,102570.0,874
1374,2017,4,POWER RANGERS,113070.0,956
1375,2017,4,PUTHANPANAM,34350.0,289
1376,2017,4,RAILROAD TIGERS,71950.0,628
1377,2017,4,RAKSHADHIKARI BAIJU OPPU,76450.0,649
1378,2017,4,SAKHAVU,265700.0,2260
1379,2017,4,SENJITTALE EN KADHALA,30400.0,257
1380,2017,4,SIVALINGA,920350.0,8116
1381,2017,4,SMURFS THE LOST VILLAGE,356800.0,2988
1382,2017,4,SONATA,16830.0,143
1383,2017,4,SPLIT,108440.0,911
1384,2017,4,TAKE OFF,162180.0,1379
1385,2017,4,THE BOSS BABY,614080.0,5165
1386,2017,4,THE GREAT FATHER,94110.0,809
1387,2017,4,THE ZOOKEEPERS WIFE,99980.0,857
1388,2017,4,UNFORGETTABLE,94840.0,805
1389,2017,4,VIRUTHACHALAM,24520.0,208
1390,2017,5,8 THOTTAKKAL,131370.0,1137
1391,2017,5,A DOGS PURPOSE,129430.0,1107
1392,2017,5,ACHAYANS,75240.0,638
1393,2017,5,ALIEN COVENANT,166260.0,1435
1394,2017,5,BAAHUBALI 2 HINDI,939610.0,7963
1395,2017,5,BAAHUBALI 2 TAMIL,7528530.0,64707
1396,2017,5,BAAHUBALI 2 TELUGU,804770.0,6821
1397,2017,5,BEAUTY AND THE BEAST,129640.0,1095
1398,2017,5,BLIND DATE,29760.0,248
1399,2017,5,BRINDHAAVANAM,141030.0,1244
1400,2017,5,COMRADE IN AMERICA,83270.0,715
1401,2017,5,EVERYTHING EVERYTHING,86250.0,727
1402,2017,5,FAST AND  FURIOUS 8,377420.0,3180
1403,2017,5,GODHA,22770.0,198
1404,2017,5,GUARDIANS OF THE GALAXY VOL 2,717660.0,6041
1405,2017,5,HALF GIRLFRIEND,550260.0,4657
1406,2017,5,HINDI MEDIUM,193240.0,1636
1407,2017,5,INAYATHALAM,80810.0,711
1408,2017,5,KADAMBAN,47400.0,406
1409,2017,5,KAVAN,130230.0,1099
1410,2017,5,KESHAVA,23790.0,201
1411,2017,5,KING ARTHUR LEGEND OF THE SWORD,308000.0,2585
1412,2017,5,LENS,237940.0,2047
1413,2017,5,MAANAGARAM,47500.0,405
1414,2017,5,MERI PYAARI BINDU,242890.0,2058
1415,2017,5,PA PANDI,498460.0,4213
1416,2017,5,PIRATES OF THE CARIBBEAN SALAZARS REVENGE,535820.0,4555
1417,2017,5,RADHA,81790.0,699
1418,2017,5,RAMANTE EDANTHOTTAM,60560.0,512
1419,2017,5,RARANDOI VEDUKA CHUDHAM,93070.0,815
1420,2017,5,SACHIN A BILLION DREAMS,487500.0,4167
1421,2017,5,SAKHAVU,46650.0,397
1422,2017,5,SANGILI BUNGILI KADHAVA THORAE,1204790.0,10556
1423,2017,5,SARAVANAN IRUKKA BAYAMAEN,859140.0,7517
1424,2017,5,SARKAR 3,186190.0,1602
1425,2017,5,SIVALINGA,47200.0,408
1426,2017,5,SMURFS THE LOST VILLAGE,199900.0,1675
1427,2017,5,THE BOSS BABY,367230.0,3096
1428,2017,5,THE CIRCLE,151750.0,1282
1429,2017,5,THONDAN,166820.0,1480
1430,2017,5,YEIDHAVAN,82790.0,711
1431,2017,6,7 NAATKKAL,105520.0,927
1432,2017,6,ADHAGAPPATTATHU MAGAJANANGALAY,6770.0,61
1433,2017,6,ALL EYEZ ON ME,29020.0,262
1434,2017,6,AMI TUMI,58080.0,484
1435,2017,6,ANBANAVAN ASARATHVAN ADANGATHAVAN,504840.0,4449
1436,2017,6,ANDHAGAADU,52270.0,453
1437,2017,6,BAAHUBALI 2 HINDI,135040.0,1129
1438,2017,6,BAAHUBALI 2 TAMIL,1019020.0,8589
1439,2017,6,BAAHUBALI 2 TELUGU,102480.0,854
1440,2017,6,BABY DRIVER,62370.0,528
1441,2017,6,BACHCHE KACHCHE SACHCHE,15120.0,126
1442,2017,6,BANK CHOR,165140.0,1422
1443,2017,6,BAYWATCH,628800.0,5339
1444,2017,6,BEHEN HOGI TERI,55690.0,476
1445,2017,6,BLIND DATE,33640.0,284
1446,2017,6,BONGU,128030.0,1132
1447,2017,6,BRINDHAAVANAM,295530.0,2504
1448,2017,6,CARS 3,420540.0,3521
1449,2017,6,DESPICABLE ME 3,695980.0,5820
1450,2017,6,DUVVADA JAGANNADHAM,422080.0,3631
1451,2017,6,EK HASEENA THI EK DEEWANA THA,5540.0,48
1452,2017,6,FAST AND  FURIOUS 8,12600.0,105
1453,2017,6,GUARDIANS OF THE GALAXY VOL 2,71410.0,596
1454,2017,6,HALF GIRLFRIEND,75970.0,634
1455,2017,6,HANUMAN DA DAMDAAR,102440.0,861
1456,2017,6,HINDI MEDIUM,616020.0,5172
1457,2017,6,IVAN THANTHIRAN,39060.0,353
1458,2017,6,KING ARTHUR LEGEND OF THE SWORD,11530.0,97
1459,2017,6,LENS,149550.0,1271
1460,2017,6,MARAGATHANANAYAM,712810.0,6205
1461,2017,6,MIRROR GAME,52010.0,438
1462,2017,6,NEETHAN RAJA,14060.0,119
1463,2017,6,NINAITHATHAI MUDIPPAVAN,12050.0,116
1464,2017,6,ORU CINEMAKKARAN,240.0,2
1465,2017,6,ORU KIDAYIN KARUNAI MANU,278950.0,2422
1466,2017,6,PEECHANKAI,151650.0,1338
1467,2017,6,PIRATES OF THE CARIBBEAN SALAZARS REVENGE,546610.0,4602
1468,2017,6,RAABTA,248120.0,2130
1469,2017,6,RANGOON TAMIL,638400.0,5562
1470,2017,6,RARANDOI VEDUKA CHUDHAM,11300.0,96
1471,2017,6,SACHIN A BILLION DREAMS,360880.0,3044
1472,2017,6,SANGILI BUNGILI KADHAVA THORAE,582110.0,4971
1473,2017,6,SARAVANAN IRUKKA BAYAMAEN,165270.0,1439
1474,2017,6,SATHIRIYAN,375240.0,3259
1475,2017,6,SWEETIEE WEDS NRI,54330.0,461
1476,2017,6,THANGARATHAM,46680.0,422
1477,2017,6,THE BIG SICK,20160.0,168
1478,2017,6,THE BOSS BABY,420040.0,3515
1479,2017,6,THE CIRCLE,11760.0,98
1480,2017,6,THE MUMMY,673710.0,5694
1481,2017,6,THE WISHING TREE,5880.0,49
1482,2017,6,THONDAN,247260.0,2143
1483,2017,6,THONDIMUTHALUM DHRIKSAKSHIYUM,32280.0,280
1484,2017,6,TRANSFORMERS THE LAST KNIGHT,56640.0,483
1485,2017,6,TUBE LIGHT,34540.0,297
1486,2017,6,TUBELIGHT HINDI,792610.0,6738
1487,2017,6,URU,155270.0,1337
1488,2017,6,VANAMAGAN,704850.0,6150
1489,2017,6,WONDER WOMAN,1578020.0,13218
1490,2017,6,YAANUM THEEYAVAN,23280.0,205
1491,2017,6,YEVANAVAN,6130.0,52
1492,2017,7,ADHAGAPPATTATHU MAGAJANANGALAY,22440.0,192
1493,2017,7,ADIMAIPENN,45406.0,327
1494,2017,7,ANBANAVAN ASARATHVAN ADANGATHAVAN,23010.0,195
1495,2017,7,BAAHUBALI 2 TAMIL,354452.39999999997,2366
1496,2017,7,BAARAAT COMPANY,5600.4000000000015,42
1497,2017,7,BABY DRIVER,782550.5999999999,5429
1498,2017,7,BASHEERINTE PREMALEKHANAM,19530.799999999996,129
1499,2017,7,BERLIN SYNDROME,46717.99999999999,306
1500,2017,7,BLIND DATE,24942.199999999997,167
1501,2017,7,CARS 3,256469.59999999995,1771
1502,2017,7,DESPICABLE ME 3,515049.39999999985,3400
1503,2017,7,DUNKIRK,1151963.1999999997,7581
1504,2017,7,DUVVADA JAGANNADHAM,104102.19999999998,735
1505,2017,7,EK HASEENA THI EK DEEWANA THA,16756.0,142
1506,2017,7,ENBATHETTU 88,91084.59999999999,605
1507,2017,7,ENGEYUM NAAN IRUPEN,18290.0,155
1508,2017,7,FIDAA,380336.5999999999,2514
1509,2017,7,GEMINI GANESHANUM SURULI RAJANUM,507963.19999999995,3536
1510,2017,7,GOWTHAM NANDA,100477.79999999999,668
1511,2017,7,GUEST IIN LONDON,94380.99999999997,632
1512,2017,7,HINDI MEDIUM,132130.19999999998,936
1513,2017,7,INDU SARKAR,49057.399999999994,324
1514,2017,7,IVAN THANTHIRAN,798987.7999999999,5563
1515,2017,7,JAGGA JASOOS,484370.7999999999,3207
1516,2017,7,KOOTATHIL ORUTHAN,118554.99999999997,806
1517,2017,7,LIPSTICK UNDER MY BURKHA,301184.99999999994,2019
1518,2017,7,LOVE ICON,11224.599999999999,74
1519,2017,7,MARAGATHANANAYAM,638263.3999999999,4495
1520,2017,7,MEESAIYAH MURUKKU,700776.7999999998,4891
1521,2017,7,MOM,1170998.3999999997,7668
1522,2017,7,MUBARAKAN,313508.79999999993,2078
1523,2017,7,MUNNA MICHAEL,321105.4,2169
1524,2017,7,NIBUNAN,278948.39999999997,1877
1525,2017,7,NINNU KORI,397846.99999999994,2628
1526,2017,7,PANDIGAI,236648.99999999994,1621
1527,2017,7,PATEL SIR,40124.99999999999,264
1528,2017,7,PIRATES OF THE CARIBBEAN SALAZARS REVENGE,21004.0,178
1529,2017,7,PUYALA KILAMBI VAROM,24434.199999999997,160
1530,2017,7,RANGOON TAMIL,22774.0,193
1531,2017,7,RUBAAI,110555.79999999999,765
1532,2017,7,SAVARIKKADU,14922.799999999997,99
1533,2017,7,SHAB,42145.2,291
1534,2017,7,SHAMANTHAKAMANI,65445.39999999998,427
1535,2017,7,SPIDER MAN HOMECOMING,1289825.0,8485
1536,2017,7,THE BIG SICK,207028.99999999997,1438
1537,2017,7,THE BOSS BABY,87568.0,619
1538,2017,7,THIRI,47627.59999999999,323
1539,2017,7,THONDIMUTHALUM DHRIKSAKSHIYUM,230172.59999999995,1641
1540,2017,7,TRANSFORMERS THE LAST KNIGHT,66308.0,575
1541,2017,7,TUBELIGHT HINDI,104945.99999999999,807
1542,2017,7,VALERIAN AND THE CITY OF A THOUSAND PLANETS,47769.6,311
1543,2017,7,VANAMAGAN,515368.3999999999,3683
1544,2017,7,VIKRAM VEDHA,1581786.5999999996,10888
1545,2017,7,WAR FOR THE PLANET OF THE APES,556196.6,3670
1546,2017,7,WONDER WOMAN,326448.0,2288
1547,2017,7,YAANUM THEEYAVAN,84225.4,650
1548,2017,7,YENDHA NERATHILUM,25048.6,164
1549,2017,7,YEVANAVAN,88990.4,643
1550,2017,8,A GENTLEMAN,254195.39999999994,1702
1551,2017,8,AN INCONVENIENT SEQUEL TRUTH TO POWER,71163.99999999999,467
1552,2017,8,ANANDO BRAHMA,70348.59999999998,470
1553,2017,8,ANNABELLE CREATION,1164604.5999999996,7727
1554,2017,8,ANNABELLE CREATION PAID PREMIERE,86512.0,578
1555,2017,8,ARJUN REDDY,250449.99999999994,1673
1556,2017,8,ATOMIC BLONDE,189128.59999999998,1247
1557,2017,8,BAAHUBALI 2 TAMIL,85094.4,554
1558,2017,8,BABUMOSHAI BANDOOKBAAZ,99863.39999999998,664
1559,2017,8,BABY DRIVER,31180.799999999996,203
1560,2017,8,BAREILLY KI BARFI,350172.0,2313
1561,2017,8,BERLIN SYNDROME,18313.799999999992,122
1562,2017,8,BLIND DATE,22118.399999999998,144
1563,2017,8,BOBBY,33768.19999999998,230
1564,2017,8,CHUNKZZ,34205.39999999998,231
1565,2017,8,CLINT,77461.4,520
1566,2017,8,DESPICABLE ME 3,317219.3999999999,2068
1567,2017,8,DUNKIRK,753336.3999999999,4947
1568,2017,8,EMOJI MOVIE,168062.0,1096
1569,2017,8,FIDAA,314312.19999999995,2086
1570,2017,8,GOWTHAM NANDA,35930.2,257
1571,2017,8,GURGAON,30648.999999999996,206
1572,2017,8,INDU SARKAR,921.6,6
1573,2017,8,JAB HARRY MET SEJAL,937996.7999999998,6284
1574,2017,8,JAGGA JASOOS,112482.39999999997,736
1575,2017,8,JAYA JANAKI NAYAKA,243419.59999999995,1642
1576,2017,8,KOOTATHIL ORUTHAN,272496.99999999994,1847
1577,2017,8,LIE,85165.0,572
1578,2017,8,LIPSTICK UNDER MY BURKHA,1251471.9999999998,8251
1579,2017,8,MEESAIYAH MURUKKU,843426.3999999998,5672
1580,2017,8,MOM,115211.79999999997,751
1581,2017,8,MUBARAKAN,581894.5999999999,3865
1582,2017,8,NENE RAJU NENE MANTRI,218749.59999999998,1450
1583,2017,8,NIBUNAN,387602.6,2589
1584,2017,8,PODHUVAGA EMMANASU THANGAM,921300.5999999997,6239
1585,2017,8,QAIDI BAND,7987.200000000002,52
1586,2017,8,SATHURA ADI 3500,70950.99999999997,485
1587,2017,8,SNIFF,62207.999999999985,405
1588,2017,8,SPIDER MAN HOMECOMING,416279.5999999999,2712
1589,2017,8,THARAMANI,622868.0,4273
1590,2017,8,THE DARK TOWER,90375.59999999999,605
1591,2017,8,TOILET EK PREM KATHA,607462.7999999998,4049
1592,2017,8,VALERIAN AND THE CITY OF A THOUSAND PLANETS,34406.399999999994,224
1593,2017,8,VARNAYATHIL ASHANKA,57233.39999999999,392
1594,2017,8,VELLAI ILLA PATTADHAARI 2,2423088.9999999995,16380
1595,2017,8,VETTRI VIZHA,55732.79999999999,385
1596,2017,8,VICEROY'S HOUSE,61983.39999999998,410
1597,2017,8,VIKRAM VEDHA,1573851.3999999997,10552
1598,2017,8,VIVEGAM,3318522.399999999,22650
1599,2017,9,A GENTLEMAN,107673.19999999998,725
1600,2017,9,AARAM VETTRUMAI,23418.0,158
1601,2017,9,ADAM JOAN,83014.4,570
1602,2017,9,AMERICAN ASSASSIN,109149.99999999999,742
1603,2017,9,AMERICAN MADE,68623.59999999998,456
1604,2017,9,ANNABELLE CREATION,1087072.7999999998,7177
1605,2017,9,ARJUN REDDY,562043.9999999999,3781
1606,2017,9,AYIRATHIL IRUVAR,49824.79999999999,365
1607,2017,9,BAADSHAHO,355699.6,2469
1608,2017,9,BAREILLY KI BARFI,502637.59999999986,3313
1609,2017,9,BAYAMA IRUKKU,105757.99999999999,779
1610,2017,9,BHOOMI,133914.39999999997,942
1611,2017,9,BLIND DATE,13056.0,85
1612,2017,9,DADDY,84136.79999999999,581
1613,2017,9,DND SHOW NEWTON,14131.199999999999,92
1614,2017,9,HARA HARA MAHADEVAKI,121755.59999999998,909
1615,2017,9,HASEENA PARKAR,102769.59999999998,706
1616,2017,9,IT,1116099.9999999995,7558
1617,2017,9,JAI LAVA KUSA,472069.1999999999,3234
1618,2017,9,JUDWAA 2,131161.59999999995,913
1619,2017,9,KADHAL KASAKKUTHAYA,91214.4,616
1620,2017,9,KADHANAYAGAN,376268.0,2734
1621,2017,9,KARUPPAN,372297.99999999994,2710
1622,2017,9,KATHALO RAJAKUMARI,26454.399999999994,187
1623,2017,9,KINGSMAN THE GOLDEN CIRCLE,502765.9999999999,3408
1624,2017,9,KURANGU BOMMAI,485395.59999999986,3402
1625,2017,9,LIPSTICK UNDER MY BURKHA,75559.19999999998,503
1626,2017,9,LOGAN LUCKY,429487.9999999999,2870
1627,2017,9,LUCKNOW CENTRAL,148459.19999999995,1033
1628,2017,9,MAGALIR MATTUM,1810001.5999999999,12323
1629,2017,9,MAHANUBHAVUDU,78394.79999999999,527
1630,2017,9,MEDA MEEDA ABBAI,57682.399999999994,394
1631,2017,9,NERUPPUDA,399437.6,2907
1632,2017,9,NEWTON,356717.19999999995,2387
1633,2017,9,NJANDUKALUDE NATTIL ORIDAVELA,370730.4,2469
1634,2017,9,ONE HEART THE AR RAHMAN CONCERT FILM,222293.99999999997,1486
1635,2017,9,PAISA VASOOL,150786.79999999996,1050
1636,2017,9,PARAVA,165166.4,1127
1637,2017,9,PATEL KI PUNJABI SHAADI,88271.99999999999,619
1638,2017,9,PICHUVA KATHTHI,69911.19999999998,481
1639,2017,9,POKIRI SIMON,25355.6,178
1640,2017,9,POSTER BOYS,173909.19999999995,1219
1641,2017,9,PULLIKARAN STARA,43374.0,299
1642,2017,9,PURIYAATHA PUTHIR,1063294.4,7373
1643,2017,9,RAMALEELA,55803.59999999999,391
1644,2017,9,SHERLOCK TOMS,30329.999999999993,203
1645,2017,9,SHUBH MANGAL SAVDHAN,822867.1999999998,5564
1646,2017,9,SIMRAN,350690.79999999993,2381
1647,2017,9,SPYDER TAMIL,725397.9999999999,5175
1648,2017,9,SPYDER TELUGU,128443.59999999995,923
1649,2017,9,THAPPU THANDAA,33023.59999999998,239
1650,2017,9,THARAMANI,118685.19999999998,793
1651,2017,9,THARANGAM,28333.199999999997,190
1652,2017,9,THE HITMANS BODYGUARD,132414.39999999997,899
1653,2017,9,THE NUT JOB 2,83782.79999999999,551
1654,2017,9,THERU NAAIGAL,26643.6,179
1655,2017,9,THUPPARIVAALAN,1890965.1999999995,13284
1656,2017,9,TOILET EK PREM KATHA,316225.99999999994,2116
1657,2017,9,VALLADESAM,35422.39999999998,238
1658,2017,9,VELIPADINTE PUSTHAKAM,46942.399999999994,313
1659,2017,9,VELLAI ILLA PATTADHAARI 2,82294.0,545
1660,2017,9,VIKRAM VEDHA,442851.6,2933
1661,2017,9,VIVEGAM,1089680.3999999997,7410
1662,2017,9,YAAR IVAN,62148.39999999999,436
1663,2017,9,YUDDHAM SHARANAM,122170.39999999997,836
1664,2017,10,AMERICAN MADE,507102.79999999993,3403
1665,2017,10,ANNABELLE CREATION,337175.19999999995,2221
1666,2017,10,BAREILLY KI BARFI,81809.59999999999,540
1667,2017,10,BLIND DATE,7680.000000000001,50
1668,2017,10,CHENNAIYIL ORU NALL 2,213124.52,1362
1669,2017,10,DND SHOW  IT,12748.8,83
1670,2017,10,DND SHOW JUDWAA 2,15052.799999999997,98
1671,2017,10,DND SHOW MERSAL,14434.480000000003,92
1672,2017,10,GEOSTORM,384278.0199999999,2192
1673,2017,10,GOLMAAL AGAIN,993173.3200000002,5915
1674,2017,10,HARA HARA MAHADEVAKI,873678.5999999999,6289
1675,2017,10,IT,367410.8,2416
1676,2017,10,JAI LAVA KUSA,103762.39999999998,694
1677,2017,10,JUDWAA 2,336344.61,2279
1678,2017,10,KADAISI BENCH KARTHI,59152.86,379
1679,2017,10,KALATHUR GRAMAM,69864.94,443
1680,2017,10,KARUPPAN,1734688.7999999993,11925
1681,2017,10,KINGSMAN THE GOLDEN CIRCLE,80781.59999999999,537
1682,2017,10,MAGALIR MATTUM,482715.9999999999,3235
1683,2017,10,MAHANUBHAVUDU,388051.19999999995,2615
1684,2017,10,MERSAL,8064200.820000001,51149
1685,2017,10,MEYADHA MAAN,819432.62,5243
1686,2017,10,NEWTON,114549.99999999997,755
1687,2017,10,RAJA THE GREAT,159774.52000000002,945
1688,2017,10,RAMALEELA,321837.99999999994,2171
1689,2017,10,SECRET SUPERSTAR,414241.2800000001,2478
1690,2017,10,SHERLOCK TOMS,48856.399999999994,331
1691,2017,10,SOLO TAMIL,477461.81999999995,3095
1692,2017,10,SPYDER TAMIL,1758013.7999999998,11991
1693,2017,10,THARANGAM,38778.0,258
1694,2017,10,THE LEGO NINJAGO MOVIE,76154.88,423
1695,2017,10,THUPPARIVAALAN,424821.1999999999,2823
1696,2017,10,UDAHARANAM SUJATHA,11059.199999999999,72
1697,2017,10,VICTORIA AND ABDUL,63936.359999999986,356
1698,2017,10,VIKRAM VEDHA,335899.19999999995,2209
1699,2017,10,VIVEGAM,233128.99999999994,1539
1700,2017,10,VUNNADI OKATE ZINDAGI,102233.49000000002,601
1701,2017,11,143,36674.08,228
1702,2017,11,A BAD MOMS CHRISTMAS,230691.91999999995,1307
1703,2017,11,AKSAR 2,115026.43000000002,692
1704,2017,11,ARAM,792838.0999999999,5053
1705,2017,11,AVAL,2529642.04,16070
1706,2017,11,BLIND DATE,7273.5,50
1707,2017,11,CHENNAIYIL ORU NALL 2,18145.259999999995,115
1708,2017,11,COCO,8282.7,45
1709,2017,11,DEEPAK SHIVDASANIS JULIE 2,9689.670000000002,58
1710,2017,11,DND SHOW ARAM,14039.3,89
1711,2017,11,DND SHOW LOVING VINCENT,16648.26,96
1712,2017,11,DND SHOW QARIB QARIB SINGLLE,19555.779999999995,117
1713,2017,11,DND SHOW VICTORIA AND ABDUL,8791.939999999999,49
1714,2017,11,EN AALODA SERUPPA KAANOM,52113.020000000004,339
1715,2017,11,GARUDA VEGA,110373.81000000003,657
1716,2017,11,GEOSTORM,260377.79999999996,1480
1717,2017,11,GOLMAAL AGAIN,748430.2700000001,4420
1718,2017,11,GURU UCHATHTHULA IRUKKARU,1657.8,10
1719,2017,11,INDRAJITH,58325.8,366
1720,2017,11,IPPADAI VELLUM,792362.1599999999,5068
1721,2017,11,ITTEFAQ,479089.0000000001,2846
1722,2017,11,JUDWAA 2,145130.0,862
1723,2017,11,JUSTICE LEAGUE,1402207.9599999995,7966
1724,2017,11,KADAISI BENCH KARTHI,6847.1399999999985,45
1725,2017,11,KALATHUR GRAMAM,23132.120000000003,142
1726,2017,11,LALI,16578.0,100
1727,2017,11,LOVING VINCENT,182842.36,1031
1728,2017,11,MERSAL,1278731.9200000002,8016
1729,2017,11,MEYADHA MAAN,505634.42,3193
1730,2017,11,MURDER ON THE ORIENT EXPRESS,70817.13999999998,394
1731,2017,11,MY LITTLE PONY,114746.19999999998,645
1732,2017,11,NENJIL THUNIVIRUNTHAL,142239.82,911
1733,2017,11,PUNYALAN PRIVATE LIMITED,94518.29000000001,577
1734,2017,11,QARIB QARIB SINGLLE,578146.5700000001,3429
1735,2017,11,SECRET SUPERSTAR,1085038.36,6411
1736,2017,11,SHAADI MEIN ZAROOR AANA,115584.81000000003,689
1737,2017,11,SOLO TAMIL,24099.88,154
1738,2017,11,THANK YOU FOR YOUR SERVICE,2095.22,12
1739,2017,11,THE FOREIGNER,144487.32,822
1740,2017,11,THE LEGO NINJAGO MOVIE,30977.32,172
1741,2017,11,THEERAN ADHIGARAM ONDRU,1271413.6800000002,8076
1742,2017,11,THITTIVASAL,82032.34000000001,509
1743,2017,11,THOR RAGNAROK,2509241.5,14250
1744,2017,11,TUMHARI SULU,361295.16000000003,2134
1745,2017,11,URUTHIKOL,91100.08,560
1746,2017,11,VICTORIA AND ABDUL,27225.55999999999,151
1747,2017,11,VILLAIN,146676.86000000002,872
1748,2017,11,VIZHITHIRU,80436.32,508
1749,2017,11,VUNNADI OKATE ZINDAGI,15485.620000000004,89
